Team,GP,W,L,MIN,%FGA 2PT,%FGA 3PT,%PTS 2PT,%PTS 2PT - MR,%PTS 3PT,%PTS FBPS,%PTS FT,%PTS OFFTO,%PTS PITP,2FGM %AST,2FGM %UAST,3FGM %AST,3FGM %UAST,FGM %AST,FGM %UAST,Season Type,Season
NEW YORK LIBERTY,28,17,11,40.5,80.3,19.7,64.4,13.6,14.6,12.5,21.0,27.9,50.8,64.8,35.2,92.5,7.5,68.4,31.6,Regular,1997
CHARLOTTE STING,28,15,13,40.0,80.6,19.4,64.6,14.5,17.5,14.4,17.9,22.9,50.1,64.0,36.0,86.4,13.6,67.5,32.5,Regular,1997
PHOENIX MERCURY,28,16,12,40.1,75.6,24.4,54.3,11.9,20.6,14.6,25.1,29.3,42.3,61.2,38.8,87.0,13.0,66.4,33.6,Regular,1997
UTAH STARZZ,28,7,21,40.4,80.4,19.6,62.0,13.8,17.6,13.3,20.4,22.8,48.2,59.9,40.1,84.0,16.0,63.7,36.3,Regular,1997
CLEVELAND ROCKERS,28,15,13,40.5,89.2,10.8,67.2,17.0,9.9,11.0,22.9,23.9,50.2,60.5,39.5,87.7,12.3,62.9,37.1,Regular,1997
LOS ANGELES SPARKS,28,14,14,40.5,86.1,13.9,70.0,15.5,10.7,16.1,19.3,24.2,54.4,58.2,41.8,75.7,24.3,59.8,40.2,Regular,1997
SACRAMENTO MONARCHS,28,10,18,40.4,80.1,19.9,63.2,17.7,16.7,9.6,20.1,21.6,45.5,52.2,47.8,72.0,28.0,55.2,44.8,Regular,1997
HOUSTON COMETS,28,18,10,40.4,71.0,29.0,52.8,10.7,25.2,10.6,22.0,27.1,42.1,46.0,54.0,82.8,17.2,54.9,45.1,Regular,1997
CLEVELAND ROCKERS,30,20,10,40.5,83.7,16.3,63.5,16.9,14.5,12.9,22.0,26.3,46.6,68.5,31.5,91.5,8.5,71.6,28.4,Regular,1998
PHOENIX MERCURY,30,19,11,40.5,78.2,21.8,59.3,11.1,17.6,11.3,23.1,27.1,48.2,63.6,36.4,96.2,3.8,69.0,31.0,Regular,1998
NEW YORK LIBERTY,30,18,12,40.3,84.2,15.8,64.7,14.8,13.4,13.1,21.9,25.7,50.0,65.0,35.0,87.0,13.0,67.7,32.3,Regular,1998
CHARLOTTE STING,30,18,12,40.0,79.7,20.3,64.7,14.7,14.7,18.1,20.6,25.7,49.9,60.6,39.4,87.6,12.4,64.2,35.8,Regular,1998
SACRAMENTO MONARCHS,29,7,22,40.2,84.3,15.7,69.7,16.1,11.6,10.8,18.7,23.6,53.6,60.0,40.0,91.5,8.5,63.2,36.8,Regular,1998
UTAH STARZZ,30,8,22,40.3,81.2,18.8,63.5,12.9,16.2,14.1,20.3,20.2,50.6,58.1,41.9,84.1,15.9,61.9,38.1,Regular,1998
LOS ANGELES SPARKS,30,12,18,40.2,82.5,17.5,63.9,15.3,15.5,12.6,20.6,20.9,48.6,55.7,44.3,81.1,18.9,59.2,40.8,Regular,1998
DETROIT SHOCK,30,17,13,40.0,84.0,16.0,64.6,20.2,13.9,11.5,21.5,21.0,44.4,53.0,47.0,77.3,22.7,56.0,44.0,Regular,1998
WASHINGTON MYSTICS,29,3,26,40.2,76.3,23.7,61.5,14.1,17.8,11.8,20.7,25.3,47.4,52.6,47.4,66.1,33.9,54.8,45.2,Regular,1998
HOUSTON COMETS,30,27,3,40.5,71.3,28.7,54.1,8.3,23.2,17.2,22.7,28.0,45.8,45.8,54.2,81.9,18.1,53.8,46.2,Regular,1998
CHARLOTTE STING,32,15,17,40.2,79.6,20.4,65.1,18.2,15.4,13.0,19.5,19.0,47.0,67.9,32.1,95.4,4.6,71.6,28.4,Regular,1999
MINNESOTA LYNX,32,15,17,40.5,68.6,31.4,53.9,20.6,29.5,7.8,16.7,23.1,33.2,61.7,38.3,93.5,6.5,70.2,29.8,Regular,1999
PHOENIX MERCURY,32,15,17,39.9,76.0,24.0,57.9,16.5,18.6,7.4,23.6,20.6,41.3,63.5,36.5,84.3,15.7,67.1,32.9,Regular,1999
LOS ANGELES SPARKS,32,20,12,40.4,76.7,23.3,59.3,15.4,20.0,12.2,20.6,22.1,43.9,60.9,39.1,85.3,14.7,65.4,34.6,Regular,1999
UTAH STARZZ,32,15,17,40.6,81.4,18.6,62.4,14.2,13.6,10.2,24.1,21.6,48.2,61.1,38.9,94.4,5.6,65.3,34.7,Regular,1999
NEW YORK LIBERTY,32,18,14,39.7,75.6,24.4,57.7,16.6,24.1,13.0,18.2,26.9,41.1,58.4,41.6,87.7,12.3,64.8,35.2,Regular,1999
CLEVELAND ROCKERS,32,7,25,38.8,83.3,16.7,67.6,18.8,13.2,10.2,19.2,21.5,48.9,60.5,39.5,90.7,9.3,63.9,36.1,Regular,1999
WASHINGTON MYSTICS,32,12,20,40.5,80.8,19.2,62.8,15.5,14.3,10.6,23.0,19.2,47.2,56.6,43.4,88.0,12.0,60.7,39.3,Regular,1999
HOUSTON COMETS,32,26,6,40.2,71.4,28.6,56.2,15.4,22.3,13.9,21.5,23.0,40.8,52.3,47.7,85.8,14.2,59.3,40.7,Regular,1999
SACRAMENTO MONARCHS,32,19,13,40.0,79.0,21.0,60.5,7.2,15.8,17.3,23.7,24.6,53.3,54.4,45.6,84.9,15.1,58.9,41.1,Regular,1999
ORLANDO MIRACLE,32,15,17,40.3,75.3,24.7,57.8,11.0,21.1,10.6,21.1,23.8,46.9,53.4,46.6,81.3,18.7,58.9,41.1,Regular,1999
DETROIT SHOCK,32,15,17,40.5,83.1,16.9,60.0,19.3,16.0,9.9,24.0,24.5,40.7,55.0,45.0,78.2,21.8,58.5,41.5,Regular,1999
LOS ANGELES SPARKS,32,28,4,40.3,76.9,23.1,58.8,16.4,18.6,13.6,22.5,20.2,42.4,65.3,34.7,81.3,18.7,68.1,31.9,Regular,2000
CHARLOTTE STING,32,8,24,40.5,79.7,20.3,62.3,14.2,18.0,14.0,19.7,19.9,48.1,63.4,36.6,90.8,9.2,67.9,32.1,Regular,2000
CLEVELAND ROCKERS,32,17,15,39.3,78.2,21.8,61.8,16.2,18.5,11.7,19.7,24.7,45.6,62.1,37.9,87.8,12.2,66.4,33.6,Regular,2000
SACRAMENTO MONARCHS,32,21,11,40.0,77.0,23.0,62.7,12.4,18.2,14.6,19.2,23.1,50.3,61.0,39.0,83.8,16.2,64.7,35.3,Regular,2000
MINNESOTA LYNX,32,15,17,40.2,68.8,31.2,51.6,14.1,27.9,5.7,20.4,23.6,37.5,57.1,42.9,84.3,15.7,64.3,35.7,Regular,2000
MIAMI SOL,32,13,19,40.5,82.5,17.5,61.4,22.0,13.9,9.9,24.7,25.9,39.4,60.7,39.3,87.1,12.9,64.1,35.9,Regular,2000
PORTLAND FIRE,32,10,22,40.8,76.3,23.7,57.2,11.8,20.2,12.1,22.6,23.1,45.4,56.8,43.2,89.7,10.3,63.1,36.9,Regular,2000
INDIANA FEVER,32,9,23,40.2,71.7,28.3,54.5,10.6,26.2,9.7,19.3,22.8,43.9,55.2,44.8,87.0,13.0,62.9,37.1,Regular,2000
WASHINGTON MYSTICS,32,14,18,40.0,81.5,18.5,66.5,17.7,15.0,12.5,18.5,22.1,48.7,58.5,41.5,89.9,10.1,62.6,37.4,Regular,2000
UTAH STARZZ,32,18,14,40.0,86.2,13.8,63.8,15.2,10.9,11.3,25.2,18.6,48.7,58.1,41.9,85.2,14.8,60.8,39.2,Regular,2000
NEW YORK LIBERTY,32,20,12,40.2,78.2,21.8,61.2,18.3,18.9,11.1,20.0,23.8,42.8,55.7,44.3,82.2,17.8,60.2,39.8,Regular,2000
SEATTLE STORM,32,6,26,40.5,79.1,20.9,61.3,14.7,17.9,7.0,20.8,26.5,46.5,52.5,47.5,89.0,11.0,58.5,41.5,Regular,2000
DETROIT SHOCK,32,14,18,40.2,86.2,13.8,68.0,17.4,9.8,15.9,22.3,24.8,50.5,55.2,44.8,86.8,13.2,57.9,42.1,Regular,2000
PHOENIX MERCURY,32,20,12,40.1,78.2,21.8,60.7,17.4,16.4,12.3,23.0,26.4,43.2,52.7,47.3,85.2,14.8,57.6,42.4,Regular,2000
ORLANDO MIRACLE,32,16,16,39.4,77.6,22.4,62.4,19.8,19.9,11.0,17.6,22.4,42.6,53.4,46.6,73.2,26.8,56.9,43.1,Regular,2000
HOUSTON COMETS,32,27,5,40.5,74.1,25.9,58.1,12.9,20.8,13.0,21.1,23.2,45.2,48.4,51.6,84.9,15.1,55.4,44.6,Regular,2000
PHOENIX MERCURY,32,13,19,40.3,83.5,16.5,64.5,17.1,14.7,11.1,20.8,22.5,47.5,63.8,36.2,88.1,11.9,67.0,33.0,Regular,2001
SACRAMENTO MONARCHS,32,20,12,40.8,78.6,21.4,58.8,10.8,21.3,11.6,19.9,23.5,48.0,61.6,38.4,87.7,12.3,66.7,33.3,Regular,2001
NEW YORK LIBERTY,32,21,11,40.0,77.0,23.0,62.3,17.6,22.2,8.5,15.5,24.6,44.7,61.2,38.8,88.1,11.9,66.4,33.6,Regular,2001
CLEVELAND ROCKERS,32,22,10,40.2,81.1,18.9,65.6,18.8,15.9,10.1,18.5,23.0,46.8,62.4,37.6,87.7,12.3,65.9,34.1,Regular,2001
MINNESOTA LYNX,32,12,20,40.5,69.5,30.5,47.7,11.9,25.4,10.3,26.8,23.0,35.9,59.6,40.4,80.7,19.3,65.1,34.9,Regular,2001
LOS ANGELES SPARKS,32,28,4,40.5,78.5,21.5,61.9,16.2,19.7,14.1,18.4,20.5,45.7,60.2,39.8,88.1,11.9,65.1,34.9,Regular,2001
UTAH STARZZ,32,19,13,40.5,86.8,13.2,66.4,20.2,10.6,10.3,23.0,17.8,46.2,61.5,38.5,93.6,6.4,64.6,35.4,Regular,2001
CHARLOTTE STING,32,18,14,40.6,76.0,24.0,57.7,14.4,22.3,11.9,20.0,22.0,43.3,57.2,42.8,83.7,16.3,62.6,37.4,Regular,2001
MIAMI SOL,32,20,12,41.1,83.8,16.2,67.6,28.1,14.3,9.8,18.2,25.2,39.4,59.2,40.8,81.7,18.3,61.9,38.1,Regular,2001
PORTLAND FIRE,32,11,21,40.8,72.6,27.4,53.7,13.7,24.7,12.7,21.6,23.0,40.0,52.4,47.6,91.3,8.7,61.5,38.5,Regular,2001
DETROIT SHOCK,32,10,22,40.9,78.8,21.2,60.0,16.9,20.4,8.5,19.6,23.2,43.1,56.3,43.7,79.7,20.3,60.6,39.4,Regular,2001
INDIANA FEVER,32,10,22,40.5,75.5,24.5,56.3,12.1,21.9,10.5,21.9,23.0,44.2,53.2,46.8,86.6,13.4,60.1,39.9,Regular,2001
SEATTLE STORM,32,10,22,40.9,77.4,22.6,58.4,13.2,20.0,10.3,21.6,22.5,45.2,53.1,46.9,89.1,10.9,59.8,40.2,Regular,2001
ORLANDO MIRACLE,32,13,19,40.3,72.2,27.8,55.5,10.2,24.4,12.9,20.1,25.8,45.3,53.7,46.3,76.4,23.6,58.9,41.1,Regular,2001
WASHINGTON MYSTICS,32,10,22,40.6,78.2,21.8,64.6,19.1,18.2,15.6,17.2,19.9,45.5,52.3,47.7,84.6,15.4,57.4,42.6,Regular,2001
HOUSTON COMETS,32,19,13,40.3,77.2,22.8,59.5,16.0,20.2,9.6,20.3,22.0,43.5,52.1,47.9,79.0,21.0,57.0,43.0,Regular,2001
LOS ANGELES SPARKS,32,25,7,40.5,74.3,25.7,56.9,13.7,23.8,11.9,19.3,18.8,43.2,60.1,39.9,84.5,15.5,65.4,34.6,Regular,2002
SEATTLE STORM,32,17,15,40.3,74.0,26.0,55.9,13.6,25.0,10.9,19.1,25.5,42.3,59.0,41.0,84.1,15.9,64.7,35.3,Regular,2002
CHARLOTTE STING,32,18,14,40.3,70.6,29.4,49.9,11.1,28.2,8.9,21.9,20.9,38.8,55.5,44.5,88.2,11.8,64.4,35.6,Regular,2002
NEW YORK LIBERTY,32,18,14,40.3,77.0,23.0,60.1,14.9,20.8,10.5,19.1,23.7,45.1,59.6,40.4,84.1,15.9,64.2,35.8,Regular,2002
SACRAMENTO MONARCHS,32,14,18,41.1,79.7,20.3,61.7,16.7,15.5,11.3,22.8,21.7,45.0,59.9,40.1,89.3,10.7,64.1,35.9,Regular,2002
MINNESOTA LYNX,32,10,22,40.5,71.8,28.2,56.0,8.8,24.9,9.5,19.1,22.6,47.2,57.8,42.2,85.5,14.5,64.1,35.9,Regular,2002
WASHINGTON MYSTICS,32,17,15,40.1,76.8,23.2,60.2,21.9,23.1,11.4,16.8,20.4,38.3,57.1,42.9,91.4,8.6,64.0,36.0,Regular,2002
CLEVELAND ROCKERS,32,10,22,40.7,79.4,20.6,61.7,16.6,17.5,8.5,20.8,20.7,45.1,59.2,40.8,85.0,15.0,63.3,36.7,Regular,2002
DETROIT SHOCK,32,9,23,40.3,81.0,19.0,62.1,16.2,15.6,12.2,22.3,20.6,45.9,58.8,41.2,83.6,16.4,62.4,37.6,Regular,2002
MIAMI SOL,32,15,17,40.5,79.0,21.0,63.0,25.4,18.9,7.6,18.0,25.5,37.6,58.0,42.0,79.1,20.9,61.5,38.5,Regular,2002
INDIANA FEVER,32,16,16,40.2,70.3,29.7,52.6,12.3,25.8,10.5,21.7,21.8,40.2,53.7,46.3,83.9,16.1,61.1,38.9,Regular,2002
HOUSTON COMETS,32,24,8,40.2,81.3,18.7,62.4,21.4,15.8,12.8,21.9,22.4,40.9,55.3,44.7,85.3,14.7,59.6,40.4,Regular,2002
PORTLAND FIRE,32,16,16,40.5,79.9,20.1,64.0,15.4,17.4,10.3,18.7,22.2,48.6,54.8,45.2,84.3,15.7,59.3,40.7,Regular,2002
UTAH STARZZ,32,20,12,40.3,87.1,12.9,62.4,14.3,11.0,12.1,26.6,19.1,48.1,53.3,46.7,85.4,14.6,56.7,43.3,Regular,2002
ORLANDO MIRACLE,32,16,16,40.8,75.9,24.1,58.8,15.4,19.3,12.6,21.9,24.3,43.5,50.2,49.8,77.9,22.1,55.2,44.8,Regular,2002
PHOENIX MERCURY,32,11,21,40.0,82.6,17.4,66.3,19.5,14.3,10.2,19.4,21.2,46.8,49.9,50.1,81.0,19.0,53.8,46.2,Regular,2002
MINNESOTA LYNX,34,18,16,40.3,73.5,26.5,58.4,10.1,22.7,9.5,18.9,18.9,48.3,60.9,39.1,87.2,12.8,66.3,33.7,Regular,2003
SACRAMENTO MONARCHS,34,19,15,40.1,77.6,22.4,61.9,14.1,19.6,11.4,18.5,24.1,47.8,61.0,39.0,89.3,10.7,65.9,34.1,Regular,2003
LOS ANGELES SPARKS,34,24,10,40.6,75.3,24.7,57.6,14.9,20.9,11.2,21.5,19.2,42.7,61.9,38.1,81.0,19.0,65.7,34.3,Regular,2003
INDIANA FEVER,34,16,18,40.4,70.2,29.8,53.8,9.8,27.0,8.6,19.2,22.3,44.1,58.2,41.8,82.4,17.6,64.2,35.8,Regular,2003
NEW YORK LIBERTY,34,16,18,40.3,74.0,26.0,57.5,15.0,24.2,10.0,18.3,22.8,42.5,60.2,39.8,76.8,23.2,63.9,36.1,Regular,2003
CLEVELAND ROCKERS,34,17,17,40.1,78.5,21.5,61.0,16.6,18.2,6.6,20.8,21.3,44.4,57.8,42.2,91.9,8.1,63.4,36.6,Regular,2003
CHARLOTTE STING,34,18,16,40.3,72.5,27.5,54.1,12.2,25.3,10.6,20.6,24.0,41.9,55.5,44.5,88.8,11.2,63.4,36.6,Regular,2003
WASHINGTON MYSTICS,34,9,25,40.4,77.0,23.0,63.4,20.0,20.2,12.7,16.4,21.1,43.4,57.5,42.5,91.1,8.9,63.4,36.6,Regular,2003
SEATTLE STORM,34,18,16,40.3,75.6,24.4,60.6,14.7,20.9,9.1,18.5,20.0,45.9,57.2,42.8,80.7,19.3,61.6,38.4,Regular,2003
DETROIT SHOCK,34,25,9,40.6,83.9,16.1,60.9,14.2,14.7,16.7,24.4,22.4,46.7,57.1,42.9,80.8,19.2,60.4,39.6,Regular,2003
CONNECTICUT SUN,34,18,16,40.4,73.9,26.1,57.6,15.9,22.3,11.2,20.1,19.8,41.8,53.9,46.1,84.7,15.3,60.2,39.8,Regular,2003
PHOENIX MERCURY,34,8,26,40.7,83.3,16.7,65.3,23.6,16.6,11.1,18.1,24.3,41.8,54.5,45.5,75.9,24.1,57.6,42.4,Regular,2003
HOUSTON COMETS,34,20,14,40.1,82.0,18.0,63.5,17.7,15.4,9.3,21.1,18.8,45.8,50.9,49.1,88.7,11.3,56.2,43.8,Regular,2003
SAN ANTONIO SILVER STARS,34,12,22,40.1,84.8,15.2,63.1,13.7,12.6,12.3,24.3,17.7,49.4,49.5,50.5,88.2,11.8,54.0,46.0,Regular,2003
INDIANA FEVER,34,15,19,40.3,76.1,23.9,56.9,16.5,22.7,11.6,20.4,22.0,40.4,66.7,33.3,83.1,16.9,70.2,29.8,Regular,2004
LOS ANGELES SPARKS,34,25,9,41.0,80.0,20.0,59.9,15.3,18.9,12.0,21.2,20.0,44.6,66.8,33.2,80.9,19.1,69.2,30.8,Regular,2004
MINNESOTA LYNX,34,18,16,40.3,71.5,28.5,54.5,11.6,24.5,11.4,20.9,22.0,43.0,62.9,37.1,87.6,12.4,68.6,31.4,Regular,2004
NEW YORK LIBERTY,34,18,16,40.6,68.1,31.9,53.6,14.7,28.8,10.2,17.7,20.2,38.8,58.0,42.0,87.5,12.5,65.8,34.2,Regular,2004
CONNECTICUT SUN,34,18,16,40.6,77.2,22.8,62.3,18.8,19.1,10.7,18.6,21.8,43.5,60.9,39.1,86.6,13.4,65.3,34.7,Regular,2004
DETROIT SHOCK,34,17,17,40.3,90.0,10.0,68.7,22.8,7.9,14.7,23.4,21.2,45.9,63.4,36.6,79.0,21.0,64.5,35.5,Regular,2004
SEATTLE STORM,34,20,14,40.1,78.3,21.7,57.9,20.4,20.6,9.6,21.5,23.8,37.5,58.1,41.9,85.0,15.0,63.2,36.8,Regular,2004
SAN ANTONIO SILVER STARS,34,9,25,40.4,87.3,12.7,66.9,24.0,10.8,11.2,22.3,21.3,42.9,59.3,40.7,73.4,26.6,60.7,39.3,Regular,2004
PHOENIX MERCURY,34,17,17,40.1,73.0,27.0,55.1,17.5,25.0,9.5,19.8,23.5,37.7,53.5,46.5,84.4,15.6,60.7,39.3,Regular,2004
SACRAMENTO MONARCHS,34,18,16,40.6,82.4,17.6,64.4,16.8,16.7,10.4,18.8,26.0,47.7,54.9,45.1,85.3,14.7,59.4,40.6,Regular,2004
CHARLOTTE STING,34,16,18,40.6,73.7,26.3,55.4,15.7,23.8,6.5,20.8,21.3,39.7,48.7,51.3,86.7,13.3,57.2,42.8,Regular,2004
HOUSTON COMETS,34,13,21,40.3,81.5,18.5,62.0,20.3,16.9,11.4,21.0,22.0,41.7,50.5,49.5,89.4,10.6,56.5,43.5,Regular,2004
WASHINGTON MYSTICS,34,17,17,40.3,86.4,13.6,66.1,21.3,13.5,12.5,20.4,21.5,44.7,50.3,49.7,77.1,22.9,53.5,46.5,Regular,2004
PHOENIX MERCURY,34,16,18,40.0,73.0,27.0,54.9,21.2,22.6,9.3,22.5,20.1,33.7,60.8,39.2,87.1,12.9,66.5,33.5,Regular,2005
MINNESOTA LYNX,34,14,20,40.3,74.7,25.3,56.9,10.0,23.4,9.2,19.7,20.8,47.0,59.9,40.1,89.5,10.5,66.3,33.7,Regular,2005
CHARLOTTE STING,34,6,28,40.7,84.3,15.7,63.8,20.1,14.9,9.3,21.3,25.3,43.6,60.3,39.7,86.5,13.5,63.9,36.1,Regular,2005
LOS ANGELES SPARKS,34,17,17,40.0,81.0,19.0,64.4,17.9,16.0,11.5,19.6,22.4,46.5,59.7,40.3,83.9,16.1,63.1,36.9,Regular,2005
INDIANA FEVER,34,21,13,40.7,76.1,23.9,58.5,19.4,20.7,11.3,20.8,25.2,39.1,57.6,42.4,85.3,14.7,62.9,37.1,Regular,2005
CONNECTICUT SUN,34,26,8,40.0,81.6,18.4,63.5,19.8,15.8,12.6,20.7,19.2,43.7,59.4,40.6,81.5,18.5,62.6,37.4,Regular,2005
SACRAMENTO MONARCHS,34,25,9,40.0,81.9,18.1,62.2,14.5,16.6,9.6,21.2,26.3,47.7,57.0,43.0,88.4,11.6,61.8,38.2,Regular,2005
WASHINGTON MYSTICS,34,16,18,40.6,74.1,25.9,58.9,21.7,24.0,9.4,17.1,22.0,37.1,53.2,46.8,90.1,9.9,61.0,39.0,Regular,2005
NEW YORK LIBERTY,34,18,16,40.7,67.5,32.5,53.5,14.4,27.0,6.4,19.5,18.5,39.1,51.1,48.9,87.0,13.0,60.1,39.9,Regular,2005
SEATTLE STORM,34,20,14,40.1,79.2,20.8,61.2,16.3,17.1,10.7,21.8,18.7,44.9,53.4,46.6,78.9,21.1,57.4,42.6,Regular,2005
DETROIT SHOCK,34,16,18,40.7,88.4,11.6,67.2,19.4,10.1,12.1,22.7,22.4,47.8,54.4,45.6,82.9,17.1,57.0,43.0,Regular,2005
SAN ANTONIO SILVER STARS,34,7,27,40.0,81.5,18.5,61.1,17.6,15.4,9.1,23.5,19.6,43.5,51.5,48.5,87.3,12.7,56.7,43.3,Regular,2005
HOUSTON COMETS,34,19,15,40.4,89.3,10.7,69.2,23.0,8.1,8.5,22.8,23.0,46.2,51.8,48.2,87.1,12.9,54.3,45.7,Regular,2005
CONNECTICUT SUN,34,26,8,40.4,77.0,23.0,60.2,19.4,19.5,10.8,20.3,19.3,40.8,59.5,40.5,85.6,14.4,64.2,35.8,Regular,2006
LOS ANGELES SPARKS,34,25,9,40.4,82.8,17.2,66.1,21.5,12.9,9.5,21.0,20.7,44.6,60.4,39.6,86.5,13.5,63.4,36.6,Regular,2006
DETROIT SHOCK,34,23,11,40.1,81.3,18.7,61.9,19.3,16.2,11.5,21.9,19.5,42.6,58.6,41.4,83.1,16.9,62.2,37.8,Regular,2006
CHARLOTTE STING,34,11,23,40.1,75.0,25.0,56.0,15.9,21.5,10.0,22.5,24.2,40.1,54.2,45.8,87.5,12.5,61.0,39.0,Regular,2006
CHICAGO SKY,34,5,29,40.0,75.4,24.6,60.4,16.2,20.3,10.2,19.3,21.5,44.2,53.4,46.6,86.0,14.0,59.3,40.7,Regular,2006
PHOENIX MERCURY,33,17,16,40.5,70.4,29.6,55.3,20.0,26.5,14.4,18.2,19.1,35.3,52.5,47.5,80.2,19.8,59.2,40.8,Regular,2006
SAN ANTONIO SILVER STARS,34,13,21,40.1,75.3,24.7,57.6,16.9,22.5,10.3,20.0,20.4,40.7,54.0,46.0,78.3,21.7,59.0,41.0,Regular,2006
NEW YORK LIBERTY,33,11,22,40.3,68.9,31.1,51.7,16.8,26.8,9.2,21.5,21.2,34.9,48.0,52.0,85.3,14.7,57.6,42.4,Regular,2006
INDIANA FEVER,34,21,13,40.3,74.3,25.7,57.7,18.2,21.1,12.2,21.2,25.8,39.5,49.9,50.1,88.3,11.7,57.4,42.6,Regular,2006
HOUSTON COMETS,34,18,16,40.7,77.5,22.5,60.6,17.9,20.2,5.9,19.2,19.9,42.6,50.9,49.1,86.4,13.6,57.3,42.7,Regular,2006
WASHINGTON MYSTICS,34,18,16,40.3,76.3,23.7,60.4,18.0,20.4,13.3,19.2,23.6,42.4,50.9,49.1,82.4,17.6,56.7,43.3,Regular,2006
SACRAMENTO MONARCHS,34,21,13,40.4,78.9,21.1,60.1,12.0,18.6,10.4,21.4,24.3,48.1,49.3,50.7,84.7,15.3,55.4,44.6,Regular,2006
SEATTLE STORM,34,18,16,40.0,77.6,22.4,60.6,19.7,18.2,11.9,21.3,18.3,40.9,50.0,50.0,71.3,28.8,53.5,46.5,Regular,2006
MINNESOTA LYNX,34,10,24,40.1,81.0,19.0,63.2,20.8,17.6,9.7,19.2,17.0,42.4,46.9,53.1,79.1,20.9,52.0,48.0,Regular,2006
CHICAGO SKY,34,14,20,39.5,75.8,24.2,58.2,19.1,22.8,11.3,18.9,23.0,39.2,58.8,41.2,87.6,12.4,64.7,35.3,Regular,2007
PHOENIX MERCURY,34,23,11,40.3,66.8,33.2,51.6,14.2,28.1,18.7,20.4,22.2,37.4,55.6,44.4,88.0,12.0,64.3,35.7,Regular,2007
CONNECTICUT SUN,34,18,16,39.9,75.6,24.4,60.2,20.1,21.8,12.2,17.9,21.1,40.1,58.4,41.6,77.5,22.5,62.1,37.9,Regular,2007
SAN ANTONIO SILVER STARS,34,20,14,40.4,74.0,26.0,56.9,16.8,24.7,11.4,18.4,23.7,40.0,55.7,44.3,81.2,18.8,61.4,38.6,Regular,2007
MINNESOTA LYNX,34,10,24,40.4,78.9,21.1,61.3,19.1,18.6,13.3,20.1,20.9,42.2,55.4,44.6,90.8,9.2,61.4,38.6,Regular,2007
HOUSTON COMETS,34,13,21,39.2,83.1,16.9,63.0,18.5,14.7,9.3,22.3,23.6,44.5,56.2,43.8,90.1,9.9,60.8,39.2,Regular,2007
SACRAMENTO MONARCHS,34,19,15,39.3,80.5,19.5,58.8,15.4,18.5,7.3,22.8,23.8,43.3,53.3,46.7,88.7,11.3,59.4,40.6,Regular,2007
LOS ANGELES SPARKS,34,10,24,40.6,80.2,19.8,61.6,19.7,18.9,9.4,19.5,21.4,41.9,53.7,46.3,84.9,15.1,59.0,41.0,Regular,2007
DETROIT SHOCK,34,24,10,40.3,80.4,19.6,60.3,21.4,17.6,10.7,22.1,20.4,38.9,53.6,46.4,79.1,20.9,57.7,42.3,Regular,2007
NEW YORK LIBERTY,34,16,18,40.3,68.7,31.3,52.0,16.8,30.2,7.5,17.8,22.5,35.1,47.0,53.0,84.4,15.6,57.5,42.5,Regular,2007
INDIANA FEVER,34,21,13,40.4,74.8,25.2,58.0,19.1,22.7,12.2,19.3,23.3,38.9,48.8,51.2,85.1,14.9,56.3,43.7,Regular,2007
SEATTLE STORM,34,17,17,40.1,71.1,28.9,54.1,16.7,24.6,10.9,21.3,18.6,37.5,47.7,52.3,80.4,19.6,55.3,44.7,Regular,2007
WASHINGTON MYSTICS,34,16,18,40.6,75.7,24.3,55.2,15.6,18.9,11.5,25.8,22.2,39.6,47.2,52.8,82.8,17.2,53.8,46.2,Regular,2007
SAN ANTONIO SILVER STARS,34,24,10,40.3,74.1,25.9,56.4,16.3,21.6,9.6,22.0,22.2,40.1,61.4,38.6,87.4,12.6,66.7,33.3,Regular,2008
LOS ANGELES SPARKS,34,20,14,41.2,78.4,21.6,61.8,17.4,17.4,11.8,20.7,21.6,44.4,59.8,40.2,88.1,11.9,64.3,35.7,Regular,2008
CONNECTICUT SUN,34,21,13,40.3,70.7,29.3,55.3,17.2,24.6,8.7,20.0,19.1,38.1,56.6,43.4,84.2,15.8,62.9,37.1,Regular,2008
DETROIT SHOCK,34,22,12,40.4,79.3,20.7,60.3,21.7,18.9,10.1,20.8,23.2,38.6,57.9,42.1,81.5,18.5,62.0,38.0,Regular,2008
CHICAGO SKY,34,12,22,40.4,83.7,16.3,63.8,16.1,13.4,13.6,22.8,22.3,47.7,56.7,43.3,89.1,10.9,60.7,39.3,Regular,2008
NEW YORK LIBERTY,34,19,15,40.6,67.4,32.6,50.8,14.5,30.2,6.5,19.0,22.2,36.2,49.9,50.1,86.9,13.1,60.4,39.6,Regular,2008
HOUSTON COMETS,34,17,17,40.7,78.4,21.6,60.2,18.2,17.8,10.9,22.0,22.0,42.0,56.7,43.3,77.0,23.0,60.0,40.0,Regular,2008
SEATTLE STORM,34,22,12,40.0,78.6,21.4,60.6,18.3,17.2,9.2,22.1,21.1,42.4,55.2,44.8,79.0,21.0,59.0,41.0,Regular,2008
INDIANA FEVER,34,17,17,40.9,69.6,30.4,52.6,16.2,27.4,9.9,20.0,23.4,36.4,48.0,52.0,83.2,16.8,57.1,42.9,Regular,2008
MINNESOTA LYNX,34,16,18,40.6,82.1,17.9,62.0,19.4,14.4,10.1,23.6,21.0,42.6,51.7,48.3,85.0,15.0,56.2,43.8,Regular,2008
ATLANTA DREAM,34,4,30,40.1,73.5,26.5,54.7,16.7,23.9,9.6,21.4,20.9,38.0,49.4,50.6,74.3,25.7,55.0,45.0,Regular,2008
WASHINGTON MYSTICS,34,10,24,40.1,78.4,21.6,61.0,17.7,20.7,8.9,18.4,21.5,43.2,48.8,51.2,80.4,19.6,54.6,45.4,Regular,2008
SACRAMENTO MONARCHS,34,18,16,40.0,79.7,20.3,56.2,14.0,19.8,9.4,24.0,23.9,42.2,47.4,52.6,79.8,20.2,53.6,46.4,Regular,2008
PHOENIX MERCURY,34,16,18,40.1,71.8,28.2,55.7,19.3,22.9,15.0,21.3,17.9,36.4,47.6,52.4,70.0,30.0,52.4,47.6,Regular,2008
SAN ANTONIO SILVER STARS,34,15,19,40.9,66.3,33.7,52.0,15.1,29.4,9.9,18.6,20.8,36.9,54.6,45.4,88.7,11.3,63.9,36.1,Regular,2009
CONNECTICUT SUN,34,16,18,41.0,73.2,26.8,57.6,23.4,22.9,10.6,19.5,21.2,34.3,55.8,44.2,90.1,9.9,62.9,37.1,Regular,2009
LOS ANGELES SPARKS,34,18,16,40.7,77.4,22.6,64.8,18.7,18.0,8.1,17.2,20.7,46.1,54.2,45.8,93.4,6.6,60.3,39.7,Regular,2009
INDIANA FEVER,34,22,12,40.4,71.4,28.6,52.0,17.2,24.2,10.6,23.8,27.0,34.7,51.3,48.7,84.6,15.4,59.2,40.8,Regular,2009
SEATTLE STORM,34,20,14,41.3,77.0,23.0,58.0,14.5,20.2,10.1,21.8,21.9,43.6,52.8,47.2,85.4,14.6,59.0,41.0,Regular,2009
DETROIT SHOCK,34,18,16,41.0,80.9,19.1,62.4,26.2,17.3,9.4,20.3,21.3,36.2,53.9,46.1,84.3,15.7,58.7,41.3,Regular,2009
NEW YORK LIBERTY,34,13,21,40.6,67.3,32.7,51.4,12.5,30.3,6.4,18.2,20.4,38.9,45.8,54.2,90.6,9.4,58.4,41.6,Regular,2009
CHICAGO SKY,34,16,18,40.1,77.9,22.1,57.8,17.7,21.7,10.1,20.5,20.9,40.1,48.9,51.1,90.3,9.7,57.2,42.8,Regular,2009
SACRAMENTO MONARCHS,34,12,22,40.3,82.3,17.7,62.4,15.4,15.2,11.0,22.5,22.8,47.0,53.6,46.4,78.8,21.2,57.1,42.9,Regular,2009
PHOENIX MERCURY,34,23,11,40.3,72.9,27.1,54.9,15.9,24.6,14.7,20.5,16.7,39.1,47.8,52.2,81.3,18.7,55.5,44.5,Regular,2009
MINNESOTA LYNX,34,14,20,40.4,69.2,30.8,51.8,10.6,26.6,12.4,21.6,22.5,41.2,43.0,57.0,84.7,15.3,53.6,46.4,Regular,2009
ATLANTA DREAM,34,18,16,40.9,84.6,15.4,68.2,20.6,12.0,15.8,19.9,23.0,47.6,47.9,52.1,70.2,29.8,50.2,49.8,Regular,2009
WASHINGTON MYSTICS,34,16,18,40.4,80.7,19.3,61.4,17.8,16.1,15.1,22.4,21.4,43.6,41.6,58.4,88.5,11.5,48.6,51.4,Regular,2009
LOS ANGELES SPARKS,34,13,21,40.1,72.9,27.1,58.2,19.5,22.8,8.5,19.0,19.5,38.7,59.0,41.0,85.1,14.9,64.4,35.6,Regular,2010
SEATTLE STORM,34,28,6,40.6,70.1,29.9,53.6,11.7,26.5,10.3,19.8,20.6,41.9,55.4,44.6,90.7,9.3,64.1,35.9,Regular,2010
NEW YORK LIBERTY,34,22,12,40.4,74.2,25.8,57.0,23.2,26.0,9.3,17.0,21.4,33.9,56.9,43.1,83.3,16.7,63.0,37.0,Regular,2010
CHICAGO SKY,34,14,20,40.4,76.4,23.6,59.4,16.2,20.2,10.7,20.4,21.0,43.2,54.2,45.8,94.8,5.2,61.7,38.3,Regular,2010
SAN ANTONIO SILVER STARS,34,14,20,40.0,72.2,27.8,59.5,17.6,22.4,10.0,18.1,20.5,41.9,55.2,44.8,87.2,12.8,61.6,38.4,Regular,2010
ATLANTA DREAM,34,19,15,40.3,81.5,18.5,65.9,18.5,13.5,16.2,20.6,21.5,47.3,58.4,41.6,82.4,17.6,61.3,38.7,Regular,2010
INDIANA FEVER,34,21,13,40.4,72.5,27.5,54.5,18.5,24.4,10.9,21.2,23.0,36.0,53.0,47.0,84.7,15.3,60.3,39.7,Regular,2010
CONNECTICUT SUN,34,17,17,40.6,72.9,27.1,57.7,20.8,23.2,9.4,19.1,19.5,36.9,55.6,44.4,76.1,23.9,59.9,40.1,Regular,2010
PHOENIX MERCURY,34,15,19,40.9,71.2,28.8,56.3,11.8,23.7,16.6,20.0,16.3,44.5,54.3,45.7,78.6,21.4,59.6,40.4,Regular,2010
TULSA SHOCK,34,6,28,40.1,76.2,23.8,59.3,16.4,22.4,11.7,18.3,22.2,42.8,53.2,46.8,75.3,24.7,57.6,42.4,Regular,2010
MINNESOTA LYNX,34,13,21,40.7,77.9,22.1,57.9,21.7,19.0,14.1,23.1,20.4,36.3,45.4,54.6,91.7,8.3,53.7,46.3,Regular,2010
WASHINGTON MYSTICS,34,22,12,40.3,78.4,21.6,60.1,15.5,18.4,8.6,21.5,20.8,44.6,42.4,57.6,87.5,12.5,50.0,50.0,Regular,2010
SAN ANTONIO SILVER STARS,34,18,16,40.3,72.5,27.5,56.7,18.6,25.1,13.5,18.2,21.0,38.0,57.4,42.6,85.1,14.9,63.7,36.3,Regular,2011
LOS ANGELES SPARKS,34,15,19,40.6,72.7,27.3,56.1,15.1,27.1,9.0,16.8,16.8,41.0,55.8,44.2,86.9,13.1,63.4,36.6,Regular,2011
PHOENIX MERCURY,34,19,15,40.4,72.2,27.8,54.4,12.8,23.7,17.2,21.9,17.0,41.7,55.5,44.5,81.6,18.4,61.4,38.6,Regular,2011
SEATTLE STORM,34,21,13,40.0,70.6,29.4,55.7,11.4,26.2,12.8,18.0,22.0,44.3,55.4,44.6,79.3,20.7,61.1,38.9,Regular,2011
CHICAGO SKY,34,14,20,40.3,79.2,20.8,61.8,16.5,19.4,11.8,18.8,22.2,45.3,55.4,44.6,82.8,17.2,60.1,39.9,Regular,2011
INDIANA FEVER,34,21,13,40.1,72.1,27.9,54.0,15.3,25.3,9.7,20.7,21.7,38.7,51.2,48.8,85.7,14.3,59.4,40.6,Regular,2011
TULSA SHOCK,34,3,31,40.1,72.5,27.5,57.9,13.9,21.3,10.2,20.8,18.7,44.0,52.6,47.4,79.6,20.4,57.9,42.1,Regular,2011
ATLANTA DREAM,34,20,14,40.4,88.3,11.7,72.0,21.9,7.9,18.4,20.1,22.9,50.1,56.1,43.9,81.1,18.9,57.8,42.2,Regular,2011
CONNECTICUT SUN,34,21,13,40.7,76.6,23.4,59.3,17.8,22.2,12.8,18.4,19.5,41.6,53.1,46.9,76.2,23.8,57.7,42.3,Regular,2011
MINNESOTA LYNX,34,27,7,40.0,80.3,19.7,65.3,20.7,18.3,18.0,16.4,21.0,44.6,51.5,48.5,89.3,10.7,57.4,42.6,Regular,2011
WASHINGTON MYSTICS,34,6,28,40.4,76.0,24.0,58.7,14.7,21.3,12.5,20.0,20.5,44.0,46.8,53.2,84.8,15.2,54.2,45.8,Regular,2011
NEW YORK LIBERTY,34,19,15,40.3,76.1,23.9,62.1,19.2,22.9,13.4,15.1,24.7,42.9,48.1,51.9,75.1,24.9,53.5,46.5,Regular,2011
SEATTLE STORM,34,16,18,40.1,66.2,33.8,52.2,14.6,29.5,11.4,18.3,20.0,37.6,57.0,43.0,91.2,8.8,66.3,33.7,Regular,2012
MINNESOTA LYNX,34,27,7,40.4,75.7,24.3,59.8,18.5,23.2,16.8,17.0,19.9,41.3,58.5,41.5,86.3,13.7,64.2,35.8,Regular,2012
SAN ANTONIO SILVER STARS,34,21,13,40.3,70.7,29.3,55.3,16.6,27.2,13.9,17.5,22.1,38.6,55.4,44.6,85.0,15.0,62.7,37.3,Regular,2012
ATLANTA DREAM,34,19,15,40.7,79.0,21.0,64.4,16.5,16.2,18.3,19.5,24.3,47.9,55.5,44.5,94.4,5.6,61.1,38.9,Regular,2012
INDIANA FEVER,34,22,12,40.3,69.7,30.3,49.6,13.2,30.4,11.6,20.0,23.9,36.3,48.0,52.0,91.1,8.9,60.5,39.5,Regular,2012
WASHINGTON MYSTICS,34,5,29,40.1,77.7,22.3,63.3,19.2,18.5,12.2,18.1,21.3,44.1,53.9,46.1,91.7,8.3,60.1,39.9,Regular,2012
CHICAGO SKY,34,14,20,40.9,72.3,27.7,58.5,15.6,24.5,10.3,17.0,21.6,42.9,50.0,50.0,85.6,14.4,57.8,42.2,Regular,2012
CONNECTICUT SUN,34,25,9,40.6,76.2,23.8,58.7,19.5,21.5,10.3,19.8,21.4,39.2,50.5,49.5,84.9,15.1,57.3,42.7,Regular,2012
LOS ANGELES SPARKS,34,24,10,40.1,76.6,23.4,60.6,16.9,20.4,14.7,19.1,21.1,43.6,52.5,47.5,77.3,22.7,57.0,43.0,Regular,2012
TULSA SHOCK,34,9,25,40.4,69.0,31.0,50.3,11.4,31.0,14.4,18.7,25.6,38.9,45.5,54.5,81.2,18.8,55.9,44.1,Regular,2012
NEW YORK LIBERTY,34,15,19,40.0,74.8,25.2,61.5,17.1,24.6,12.5,13.8,19.4,44.4,46.3,53.7,87.3,12.7,55.0,45.0,Regular,2012
PHOENIX MERCURY,34,7,27,40.3,72.7,27.3,57.4,14.3,22.9,12.7,19.7,19.1,43.1,43.3,56.7,77.7,22.3,50.5,49.5,Regular,2012
MINNESOTA LYNX,34,26,8,40.1,84.7,15.3,69.4,25.7,13.9,16.8,16.6,21.0,43.7,59.3,40.7,90.1,9.9,62.9,37.1,Regular,2013
SAN ANTONIO SILVER STARS,34,12,22,40.1,73.4,26.6,59.5,20.6,23.7,12.9,16.8,21.2,38.9,52.1,47.9,90.7,9.3,60.2,39.8,Regular,2013
LOS ANGELES SPARKS,34,24,10,40.4,86.0,14.0,69.5,22.8,11.8,17.0,18.7,21.4,46.7,56.7,43.3,81.8,18.2,59.3,40.7,Regular,2013
WASHINGTON MYSTICS,34,17,17,40.4,79.9,20.1,60.2,22.7,18.4,12.0,21.5,18.3,37.5,53.9,46.1,79.6,20.4,58.2,41.8,Regular,2013
PHOENIX MERCURY,34,19,15,40.1,75.3,24.7,60.7,16.0,18.0,10.8,21.2,16.2,44.7,53.8,46.2,80.4,19.6,58.2,41.8,Regular,2013
NEW YORK LIBERTY,34,11,23,40.4,83.8,16.2,67.2,20.6,15.2,9.6,17.6,16.5,46.6,56.0,44.0,64.2,35.8,57.0,43.0,Regular,2013
ATLANTA DREAM,34,17,17,40.3,81.7,18.3,67.3,17.0,13.7,17.6,19.0,23.7,50.3,53.8,46.3,77.3,22.7,56.6,43.4,Regular,2013
TULSA SHOCK,34,11,23,40.9,69.8,30.2,52.4,10.2,26.0,11.8,21.6,20.2,42.3,45.8,54.2,88.1,11.9,56.3,43.7,Regular,2013
SEATTLE STORM,34,17,17,40.1,70.9,29.1,54.7,14.4,24.4,7.6,20.9,18.7,40.3,44.3,55.7,90.3,9.7,54.9,45.1,Regular,2013
CHICAGO SKY,34,24,10,40.1,78.8,21.2,59.2,17.1,18.2,9.0,22.5,18.6,42.1,49.6,50.4,73.8,26.2,53.7,46.3,Regular,2013
INDIANA FEVER,34,16,18,40.4,74.8,25.2,56.4,14.5,23.3,9.5,20.3,23.1,41.9,43.0,57.0,92.0,8.0,53.6,46.4,Regular,2013
CONNECTICUT SUN,34,10,24,40.1,80.0,20.0,65.8,21.1,17.5,11.3,16.6,21.8,44.7,45.7,54.3,75.2,24.8,50.1,49.9,Regular,2013
MINNESOTA LYNX,34,25,9,40.4,83.4,16.6,67.7,24.2,13.8,13.5,18.4,18.0,43.5,61.8,38.2,85.2,14.8,64.6,35.4,Regular,2014
ATLANTA DREAM,34,19,15,41.0,79.0,21.0,64.6,15.8,16.8,16.5,18.6,22.8,48.8,61.6,38.4,74.5,25.5,63.5,36.5,Regular,2014
SEATTLE STORM,34,12,22,40.4,70.8,29.2,57.6,15.1,25.0,8.1,17.4,18.7,42.5,54.8,45.2,92.0,8.0,63.1,36.9,Regular,2014
SAN ANTONIO STARS,34,16,18,40.6,72.5,27.5,57.4,16.8,25.6,11.5,17.0,18.4,40.6,54.4,45.6,92.0,8.0,63.0,37.0,Regular,2014
PHOENIX MERCURY,34,29,5,40.7,76.6,23.4,61.5,17.8,18.8,11.6,19.6,17.4,43.7,59.2,40.8,80.9,19.1,62.8,37.2,Regular,2014
WASHINGTON MYSTICS,34,16,18,41.0,74.7,25.3,60.7,19.7,21.1,9.7,18.2,20.1,41.0,58.0,42.0,74.7,25.3,61.1,38.9,Regular,2014
LOS ANGELES SPARKS,34,16,18,40.7,87.6,12.4,72.5,24.6,10.1,14.1,17.4,24.6,47.9,59.5,40.5,70.8,29.2,60.5,39.5,Regular,2014
NEW YORK LIBERTY,34,15,19,40.4,84.8,15.2,68.1,24.2,12.6,7.9,19.3,18.2,43.9,54.6,45.4,86.4,13.6,58.1,41.9,Regular,2014
CHICAGO SKY,34,15,19,40.4,84.1,15.9,65.9,24.7,13.8,10.6,20.3,16.8,41.2,54.1,45.9,79.0,21.0,57.1,42.9,Regular,2014
INDIANA FEVER,34,16,18,40.6,76.7,23.3,58.1,17.0,20.8,8.7,21.1,22.2,41.1,45.1,54.9,87.4,12.6,53.3,46.7,Regular,2014
TULSA SHOCK,34,12,22,40.7,74.3,25.7,59.2,10.0,19.9,15.3,20.9,19.2,49.2,44.7,55.3,84.2,15.8,51.9,48.1,Regular,2014
CONNECTICUT SUN,34,13,21,40.4,80.3,19.7,64.9,15.4,17.6,11.2,17.5,20.8,49.5,44.1,55.9,69.5,30.5,48.0,52.0,Regular,2014
WASHINGTON MYSTICS,34,18,16,40.3,72.8,27.2,57.1,21.4,24.6,8.2,18.3,18.2,35.7,59.8,40.2,87.3,12.7,65.9,34.1,Regular,2015
LOS ANGELES SPARKS,34,14,20,40.3,76.9,23.1,65.0,20.7,17.4,7.1,17.6,15.3,44.3,61.8,38.2,81.4,18.6,64.8,35.2,Regular,2015
SEATTLE STORM,34,10,24,40.0,76.2,23.8,61.7,18.7,19.9,8.7,18.3,17.3,43.0,59.7,40.3,80.5,19.5,63.4,36.6,Regular,2015
MINNESOTA LYNX,34,22,12,40.1,81.2,18.8,65.9,25.1,16.3,11.7,17.9,18.6,40.8,59.1,40.9,84.9,15.1,62.7,37.3,Regular,2015
NEW YORK LIBERTY,34,23,11,40.3,81.3,18.8,64.2,19.4,15.2,9.9,20.6,19.3,44.8,56.7,43.3,85.2,14.8,60.5,39.5,Regular,2015
SAN ANTONIO STARS,34,8,26,40.1,80.3,19.7,63.4,21.7,16.6,13.8,20.1,18.8,41.7,55.4,44.6,85.9,14.1,59.9,40.1,Regular,2015
PHOENIX MERCURY,34,20,14,40.7,77.4,22.6,61.0,18.7,18.4,10.1,20.6,18.7,42.3,53.7,46.3,85.4,14.6,59.0,41.0,Regular,2015
ATLANTA DREAM,34,15,19,40.3,77.6,22.4,59.6,15.0,18.8,15.7,21.6,21.7,44.6,53.3,46.7,77.1,22.9,57.4,42.6,Regular,2015
CONNECTICUT SUN,34,15,19,40.9,72.9,27.1,59.6,14.7,24.6,10.9,15.8,22.1,44.9,47.4,52.6,84.2,15.8,55.3,44.7,Regular,2015
INDIANA FEVER,34,20,14,40.3,77.1,22.9,57.3,17.6,20.7,11.1,22.0,21.2,39.7,45.4,54.6,89.0,11.0,53.9,46.1,Regular,2015
TULSA SHOCK,34,18,16,40.3,72.4,27.6,53.1,12.0,23.4,10.9,23.5,18.1,41.0,43.5,56.5,85.0,15.0,52.9,47.1,Regular,2015
CHICAGO SKY,34,21,13,40.4,82.0,18.0,65.9,24.6,15.0,13.6,19.1,17.1,41.4,46.1,53.9,80.9,19.1,50.7,49.3,Regular,2015
SEATTLE STORM,34,16,18,40.1,68.0,32.0,53.8,14.5,26.6,12.0,19.6,17.5,39.3,56.6,43.4,92.6,7.4,65.5,34.5,Regular,2016
LOS ANGELES SPARKS,34,26,8,40.3,75.5,24.5,61.0,17.7,21.3,12.2,17.7,19.0,43.3,61.3,38.7,82.0,18.0,65.2,34.8,Regular,2016
NEW YORK LIBERTY,34,21,13,41.0,82.1,17.9,62.6,19.2,16.5,10.1,20.9,17.0,43.4,58.0,42.0,86.9,13.1,62.3,37.7,Regular,2016
MINNESOTA LYNX,34,28,6,40.6,82.5,17.5,65.7,23.4,14.1,13.6,20.2,20.9,42.3,59.8,40.2,78.8,21.2,62.2,37.8,Regular,2016
WASHINGTON MYSTICS,34,13,21,40.9,70.3,29.7,52.1,18.1,26.2,8.1,21.7,16.2,34.0,54.3,45.7,85.4,14.6,62.1,37.9,Regular,2016
SAN ANTONIO STARS,34,7,27,40.4,77.2,22.8,61.3,19.9,18.6,14.2,20.0,18.9,41.4,54.6,45.4,92.8,7.2,61.0,39.0,Regular,2016
INDIANA FEVER,34,17,17,40.3,75.6,24.4,59.9,20.2,19.1,9.4,21.0,20.2,39.7,54.4,45.6,89.1,10.9,60.5,39.5,Regular,2016
PHOENIX MERCURY,34,16,18,40.6,72.3,27.7,55.0,14.7,21.8,12.0,23.2,17.7,40.2,52.5,47.5,74.6,25.4,57.2,42.8,Regular,2016
CHICAGO SKY,34,18,16,40.5,84.7,15.3,67.8,24.6,14.1,12.2,18.1,17.9,43.2,50.7,49.3,84.8,15.2,54.8,45.2,Regular,2016
DALLAS WINGS,34,11,23,40.9,68.9,31.1,51.0,10.4,25.5,12.5,23.5,16.4,40.6,43.4,56.6,87.9,12.1,54.6,45.4,Regular,2016
CONNECTICUT SUN,34,14,20,40.9,74.4,25.6,62.2,14.4,20.4,13.3,17.3,21.2,47.9,46.9,53.1,81.3,18.8,53.1,46.9,Regular,2016
ATLANTA DREAM,34,17,17,40.9,81.1,18.9,61.7,14.0,13.7,15.6,24.6,18.7,47.8,48.4,51.6,74.8,25.2,51.8,48.2,Regular,2016
SEATTLE STORM,34,15,19,40.4,68.6,31.4,55.4,14.0,26.4,9.0,18.2,17.5,41.4,59.8,40.2,89.5,10.5,66.9,33.1,Regular,2017
CHICAGO SKY,34,12,22,40.7,75.7,24.3,63.1,21.4,23.3,14.2,13.6,16.6,41.7,60.0,40.0,87.1,12.9,65.4,34.6,Regular,2017
MINNESOTA LYNX,34,27,7,40.0,76.2,23.8,61.9,17.6,21.0,10.4,17.1,20.4,44.2,58.9,41.1,82.3,17.7,63.2,36.8,Regular,2017
SAN ANTONIO STARS,34,8,26,40.3,78.2,21.8,62.8,16.9,19.2,13.2,18.0,18.7,45.9,57.3,42.7,85.8,14.2,62.1,37.9,Regular,2017
PHOENIX MERCURY,34,18,16,40.4,70.5,29.5,54.0,16.0,23.8,10.8,22.2,18.0,38.0,56.3,43.8,79.6,20.4,61.6,38.4,Regular,2017
ATLANTA DREAM,34,12,22,40.8,78.2,21.8,62.2,18.1,17.1,16.7,20.7,19.8,44.1,55.2,44.8,90.2,9.8,60.6,39.4,Regular,2017
LOS ANGELES SPARKS,34,26,8,40.5,76.4,23.6,63.1,16.5,19.1,13.5,17.8,22.5,46.6,52.1,47.9,92.3,7.7,58.9,41.1,Regular,2017
WASHINGTON MYSTICS,34,18,16,40.3,68.5,31.5,52.9,17.0,25.0,9.0,22.1,15.6,35.9,51.4,48.6,76.7,23.3,57.5,42.5,Regular,2017
NEW YORK LIBERTY,34,22,12,40.1,75.4,24.6,59.5,17.6,21.3,9.1,19.3,16.4,41.8,50.0,50.0,85.4,14.6,56.8,43.2,Regular,2017
CONNECTICUT SUN,34,21,13,40.0,75.1,24.9,59.8,16.1,22.9,14.5,17.3,20.0,43.8,46.9,53.1,87.4,12.6,55.1,44.9,Regular,2017
DALLAS WINGS,34,16,18,40.6,70.5,29.5,51.3,9.0,23.3,14.1,25.4,19.4,42.3,44.3,55.7,87.7,12.3,54.3,45.7,Regular,2017
INDIANA FEVER,34,9,25,40.3,77.7,22.3,63.2,26.6,18.1,8.7,18.7,20.8,36.5,48.5,51.5,77.9,22.1,53.2,46.8,Regular,2017
PHOENIX MERCURY,34,20,14,40.0,64.0,36.0,49.9,15.2,29.6,8.0,20.4,14.2,34.7,65.2,34.8,78.1,21.9,68.9,31.1,Regular,2018
CHICAGO SKY,34,13,21,40.6,71.2,28.8,57.0,15.5,25.7,13.1,17.3,17.4,41.4,63.0,37.0,86.1,13.9,68.3,31.7,Regular,2018
NEW YORK LIBERTY,34,7,27,40.3,69.2,30.8,58.7,16.0,25.7,9.0,15.6,18.2,42.7,59.5,40.5,88.9,11.1,66.1,33.9,Regular,2018
SEATTLE STORM,34,26,8,40.3,65.1,34.9,53.0,12.3,31.1,13.3,15.9,17.4,40.7,57.9,42.1,86.6,13.4,66.0,34.0,Regular,2018
LAS VEGAS ACES,33,14,19,40.2,84.5,15.5,65.1,30.7,13.5,10.7,21.4,18.0,34.5,61.9,38.1,85.6,14.4,64.7,35.3,Regular,2018
MINNESOTA LYNX,34,18,16,40.0,76.9,23.1,63.3,23.3,20.5,9.3,16.3,17.8,39.9,60.1,39.9,85.2,14.8,64.5,35.5,Regular,2018
ATLANTA DREAM,34,23,11,40.0,73.7,26.3,58.7,18.9,21.5,10.1,19.8,20.2,39.8,56.4,43.6,78.9,21.1,60.8,39.2,Regular,2018
LOS ANGELES SPARKS,34,19,15,40.1,74.1,25.9,61.3,18.6,22.8,7.6,15.9,19.7,42.7,53.8,46.2,88.7,11.3,60.7,39.3,Regular,2018
DALLAS WINGS,34,15,19,40.0,68.0,32.0,54.9,10.2,23.3,12.9,21.8,17.7,44.7,52.1,47.9,84.3,15.7,59.2,40.8,Regular,2018
WASHINGTON MYSTICS,33,21,12,40.0,65.6,34.4,52.3,20.6,29.8,9.4,17.9,18.1,31.7,48.6,51.4,84.1,15.9,58.3,41.7,Regular,2018
CONNECTICUT SUN,34,21,13,40.0,71.4,28.6,59.5,16.0,26.0,11.0,14.5,18.5,43.5,49.9,50.1,86.8,13.2,58.2,41.8,Regular,2018
INDIANA FEVER,34,6,28,40.6,75.5,24.5,60.8,24.6,22.2,10.0,17.1,19.3,36.1,50.8,49.2,74.5,25.5,55.5,44.5,Regular,2018
LAS VEGAS ACES,34,21,13,40.3,78.7,21.3,59.6,13.6,20.1,12.2,20.3,16.9,46.0,65.5,34.5,88.2,11.8,69.7,30.3,Regular,2019
CHICAGO SKY,34,20,14,40.1,69.1,30.9,57.0,14.8,25.8,12.7,17.3,17.4,42.1,62.0,38.0,91.1,8.9,68.8,31.2,Regular,2019
NEW YORK LIBERTY,34,10,24,40.0,71.8,28.2,57.4,14.7,25.3,8.8,17.3,18.2,42.7,62.9,37.1,86.5,13.5,68.3,31.7,Regular,2019
MINNESOTA LYNX,34,18,16,40.0,73.9,26.1,62.4,14.9,22.2,11.5,15.4,25.1,47.5,60.2,39.8,95.4,4.6,67.0,33.0,Regular,2019
WASHINGTON MYSTICS,34,26,8,40.1,63.6,36.4,52.7,18.1,31.2,7.3,16.1,18.7,34.5,58.6,41.4,88.0,12.0,66.9,33.1,Regular,2019
PHOENIX MERCURY,34,15,19,40.1,68.6,31.4,54.0,13.7,25.7,7.5,20.3,16.6,40.3,61.3,38.7,79.8,20.2,65.7,34.3,Regular,2019
CONNECTICUT SUN,34,23,11,40.1,70.6,29.4,56.2,12.8,27.7,13.7,16.1,21.6,43.4,54.8,45.2,91.3,8.7,63.8,36.2,Regular,2019
SEATTLE STORM,34,18,16,40.0,68.1,31.9,55.4,14.6,28.4,11.7,16.1,23.1,40.8,55.2,44.8,88.0,12.0,63.5,36.5,Regular,2019
LOS ANGELES SPARKS,34,22,12,40.1,70.3,29.7,58.0,12.4,26.7,10.6,15.4,20.2,45.6,55.0,45.0,82.6,17.4,61.5,38.5,Regular,2019
ATLANTA DREAM,34,8,26,40.1,68.2,31.8,54.1,16.7,26.9,8.6,19.0,18.5,37.4,54.7,45.3,80.6,19.4,61.1,38.9,Regular,2019
INDIANA FEVER,34,13,21,40.3,75.6,24.4,59.7,22.1,22.4,11.0,17.9,18.5,37.7,57.2,42.8,70.1,29.9,59.8,40.2,Regular,2019
DALLAS WINGS,34,10,24,40.0,70.8,29.2,54.6,15.0,26.6,10.4,18.8,21.2,39.5,49.4,50.6,88.0,12.0,58.9,41.1,Regular,2019
SEATTLE STORM,22,18,4,40.0,68.5,31.5,53.6,11.7,28.8,8.0,17.6,21.2,41.8,61.0,39.0,90.3,9.7,68.8,31.2,Regular,2020
PHOENIX MERCURY,22,13,9,40.2,63.4,36.6,50.6,12.3,29.3,8.4,20.2,19.1,38.2,64.7,35.3,74.6,25.4,67.5,32.5,Regular,2020
WASHINGTON MYSTICS,22,9,13,40.5,64.4,35.6,53.3,14.9,31.2,5.5,15.5,18.9,38.4,58.0,42.0,88.5,11.5,66.6,33.4,Regular,2020
CHICAGO SKY,22,12,10,40.0,68.3,31.7,59.7,15.8,26.3,7.2,14.0,17.3,43.9,57.9,42.1,89.8,10.2,65.1,34.9,Regular,2020
INDIANA FEVER,22,6,16,40.0,70.0,30.0,55.2,14.7,25.4,4.3,19.4,13.9,40.5,59.3,40.7,84.2,15.8,65.1,34.9,Regular,2020
MINNESOTA LYNX,22,14,8,40.0,67.9,32.1,52.9,11.5,29.4,5.5,17.7,20.1,41.4,54.2,45.8,92.9,7.1,64.6,35.4,Regular,2020
LAS VEGAS ACES,22,18,4,40.0,83.2,16.8,64.2,16.1,14.3,7.9,21.5,19.6,48.2,59.5,40.5,90.3,9.7,63.5,36.5,Regular,2020
LOS ANGELES SPARKS,22,15,7,40.2,72.9,27.1,58.8,16.0,25.5,7.8,15.7,22.3,42.8,54.5,45.5,88.7,11.3,62.1,37.9,Regular,2020
CONNECTICUT SUN,22,10,12,40.2,72.7,27.3,59.2,12.6,22.1,8.5,18.8,20.9,46.6,56.2,43.8,83.8,16.2,61.7,38.3,Regular,2020
NEW YORK LIBERTY,22,2,20,40.0,58.5,41.5,47.2,8.0,31.7,7.3,21.1,15.7,39.2,49.9,50.1,84.4,15.6,60.6,39.4,Regular,2020
ATLANTA DREAM,22,7,15,40.2,76.3,23.7,63.0,18.5,21.9,8.8,15.1,20.3,44.5,47.2,52.8,81.5,18.5,53.7,46.3,Regular,2020
DALLAS WINGS,22,8,14,40.5,61.1,38.9,49.3,9.6,32.0,8.7,18.7,19.2,39.7,40.9,59.1,81.1,18.9,53.1,46.9,Regular,2020
CHICAGO SKY,32,16,16,40.6,69.6,30.4,56.5,9.8,26.2,13.0,17.2,19.0,46.7,65.1,34.9,88.8,11.2,70.7,29.3,Regular,2021
SEATTLE STORM,32,21,11,40.8,67.1,32.9,52.8,11.7,30.4,14.0,16.8,18.6,41.1,60.9,39.1,89.1,10.9,68.8,31.3,Regular,2021
NEW YORK LIBERTY,32,12,20,40.2,58.1,41.9,46.4,8.1,38.4,8.4,15.2,18.3,38.3,57.1,42.9,87.9,12.1,68.0,32.0,Regular,2021
PHOENIX MERCURY,32,19,13,40.3,66.8,33.2,53.6,10.2,27.5,8.4,18.8,14.7,43.4,62.4,37.6,79.7,20.3,66.8,33.2,Regular,2021
MINNESOTA LYNX,32,22,10,40.3,70.4,29.6,57.9,12.8,24.5,9.9,17.6,18.8,45.1,59.7,40.3,90.7,9.3,66.5,33.5,Regular,2021
WASHINGTON MYSTICS,32,12,20,40.2,60.4,39.6,48.6,11.4,33.8,6.0,17.6,18.9,37.2,55.2,44.8,88.2,11.8,65.6,34.4,Regular,2021
LAS VEGAS ACES,32,24,8,40.5,80.8,19.2,62.9,16.7,17.0,7.9,20.1,14.9,46.1,58.8,41.2,86.4,13.6,63.0,37.0,Regular,2021
CONNECTICUT SUN,32,26,6,40.3,70.2,29.8,55.7,10.7,26.2,7.2,18.1,21.8,44.9,54.4,45.6,84.8,15.2,61.6,38.4,Regular,2021
INDIANA FEVER,32,6,26,40.0,74.7,25.3,62.4,19.8,19.5,11.1,18.0,16.6,42.7,54.1,45.9,80.9,19.1,58.7,41.3,Regular,2021
DALLAS WINGS,32,14,18,40.3,67.3,32.7,52.9,11.9,30.3,12.8,16.8,18.7,41.0,51.5,48.5,77.5,22.5,58.7,41.3,Regular,2021
LOS ANGELES SPARKS,32,12,20,40.3,69.4,30.6,55.8,13.3,27.8,10.2,16.4,26.2,42.4,47.6,52.4,85.6,14.4,57.1,42.9,Regular,2021
ATLANTA DREAM,32,8,24,40.3,73.1,26.9,62.3,18.9,23.4,12.6,14.4,21.7,43.4,49.6,50.4,86.2,13.8,56.9,43.1,Regular,2021
CHICAGO SKY,36,26,10,40.4,69.1,30.9,59.0,10.2,25.1,13.4,15.9,17.6,48.8,69.4,30.6,91.5,8.5,74.3,25.7,Regular,2022
SEATTLE STORM,36,22,14,40.1,62.8,37.2,51.3,11.5,33.6,14.5,15.1,20.9,39.8,68.0,32.0,88.6,11.4,74.2,25.8,Regular,2022
NEW YORK LIBERTY,36,16,20,40.4,58.6,41.4,47.9,8.4,36.5,9.9,15.5,16.9,39.5,64.3,35.7,86.8,13.2,71.9,28.1,Regular,2022
WASHINGTON MYSTICS,36,22,14,40.4,66.3,33.7,54.1,11.6,28.5,8.6,17.5,20.7,42.5,61.7,38.3,90.1,9.9,69.1,30.9,Regular,2022
MINNESOTA LYNX,36,14,22,40.3,70.7,29.3,56.7,12.3,24.9,9.8,18.5,15.9,44.4,62.9,37.1,87.0,13.0,68.4,31.6,Regular,2022
PHOENIX MERCURY,36,15,21,40.4,59.9,40.1,48.8,7.8,32.5,11.6,18.8,20.4,41.0,58.7,41.3,87.0,13.0,67.4,32.6,Regular,2022
CONNECTICUT SUN,36,25,11,40.3,73.9,26.1,59.4,13.2,22.3,14.7,18.3,22.4,46.2,60.5,39.5,88.3,11.7,66.1,33.9,Regular,2022
LAS VEGAS ACES,36,26,10,40.1,62.4,37.6,50.4,12.4,31.6,12.9,18.0,16.1,38.0,56.3,43.7,83.4,16.6,64.3,35.7,Regular,2022
INDIANA FEVER,36,5,31,40.3,71.0,29.0,55.3,13.3,26.2,11.6,18.5,19.5,42.0,55.3,44.7,89.8,10.2,63.6,36.4,Regular,2022
LOS ANGELES SPARKS,36,13,23,40.1,74.7,25.3,61.5,11.9,20.5,12.9,18.1,22.5,49.6,56.0,44.0,96.4,3.6,63.3,36.7,Regular,2022
DALLAS WINGS,36,18,18,40.1,66.9,33.1,52.8,11.8,28.0,13.8,19.1,18.2,41.1,56.0,44.0,83.9,16.1,63.3,36.7,Regular,2022
ATLANTA DREAM,36,14,22,40.3,68.7,31.3,54.1,13.8,28.8,12.7,17.2,20.0,40.3,52.6,47.4,84.9,15.1,61.1,38.9,Regular,2022
NEW YORK LIBERTY,40,32,8,40.4,57.6,42.4,47.2,7.3,37.3,13.1,15.5,17.6,39.8,66.7,33.3,90.8,9.2,75.0,25.0,Regular,2023
CONNECTICUT SUN,40,27,13,40.4,70.6,29.4,55.6,8.6,26.0,14.5,18.4,22.4,46.9,61.9,38.1,89.5,10.5,68.5,31.5,Regular,2023
PHOENIX MERCURY,40,9,31,40.1,67.7,32.3,56.5,11.9,26.5,9.5,17.0,17.0,44.6,60.1,39.9,89.7,10.3,67.2,32.8,Regular,2023
LOS ANGELES SPARKS,40,17,23,40.1,70.8,29.2,55.5,8.9,24.7,11.7,19.8,21.8,46.6,60.3,39.7,89.2,10.8,66.9,33.1,Regular,2023
CHICAGO SKY,40,18,22,40.3,68.1,31.9,55.0,14.0,30.3,14.7,14.7,18.0,41.0,58.1,41.9,89.7,10.3,66.6,33.4,Regular,2023
WASHINGTON MYSTICS,40,19,21,40.1,65.8,34.2,52.5,13.2,28.9,10.7,18.6,20.8,39.3,56.1,43.9,94.5,5.5,66.4,33.6,Regular,2023
MINNESOTA LYNX,40,19,21,40.3,69.2,30.8,56.4,12.1,25.3,10.7,18.3,17.4,44.3,59.5,40.5,88.5,11.5,66.2,33.8,Regular,2023
LAS VEGAS ACES,40,34,6,40.0,64.0,36.0,52.4,11.0,30.0,13.8,17.6,18.4,41.4,57.8,42.2,82.5,17.5,64.6,35.4,Regular,2023
SEATTLE STORM,40,11,29,40.1,64.4,35.6,49.1,8.4,32.4,13.8,18.6,16.8,40.7,55.9,44.1,80.3,19.7,63.4,36.6,Regular,2023
ATLANTA DREAM,40,19,21,40.3,72.1,27.9,55.7,12.4,23.4,12.8,21.0,17.6,43.3,56.0,44.0,88.7,11.3,63.2,36.8,Regular,2023
DALLAS WINGS,40,22,18,40.1,70.8,29.2,58.3,10.2,23.1,14.9,18.6,18.5,48.1,58.5,41.5,78.9,21.1,62.8,37.2,Regular,2023
INDIANA FEVER,40,13,27,40.4,71.0,29.0,57.9,12.4,24.9,10.7,17.2,16.5,45.5,52.5,47.5,84.8,15.2,59.7,40.3,Regular,2023
CLEVELAND ROCKERS,3,1,2,40.0,79.6,20.4,65.9,19.0,15.1,6.7,19.0,29.1,46.9,74.6,25.4,100.0,0.0,77.9,22.1,Playoffs,2001
LOS ANGELES SPARKS,7,6,1,40.0,74.9,25.1,62.5,15.1,19.1,16.8,18.3,19.1,47.5,67.9,32.1,90.9,9.1,71.8,28.2,Playoffs,2001
NEW YORK LIBERTY,6,3,3,40.0,77.1,22.9,64.3,21.6,21.1,9.9,14.6,25.1,42.7,62.7,37.3,79.2,20.8,65.7,34.3,Playoffs,2001
CHARLOTTE STING,8,4,4,40.0,76.0,24.0,59.6,11.7,25.3,9.5,15.1,22.2,47.9,56.5,43.5,87.2,12.8,63.3,36.7,Playoffs,2001
SACRAMENTO MONARCHS,5,3,2,40.0,75.3,24.7,48.5,18.7,27.2,11.2,24.3,19.5,29.9,57.1,42.9,79.4,20.6,63.2,36.8,Playoffs,2001
MIAMI SOL,3,1,2,40.0,77.9,22.1,57.5,23.8,20.6,6.3,21.9,21.9,33.8,54.3,45.7,90.9,9.1,61.4,38.6,Playoffs,2001
UTAH STARZZ,2,0,2,40.0,82.7,17.3,65.6,15.3,4.6,12.2,29.8,13.0,50.4,53.5,46.5,100.0,0.0,55.6,44.4,Playoffs,2001
HOUSTON COMETS,2,0,2,40.0,70.0,30.0,61.5,27.4,23.1,5.1,15.4,15.4,34.2,44.4,55.6,77.8,22.2,51.1,48.9,Playoffs,2001
SEATTLE STORM,2,0,2,40.0,67.0,33.0,48.3,8.3,25.0,24.2,26.7,34.2,40.0,62.1,37.9,100.0,0.0,71.8,28.2,Playoffs,2002
WASHINGTON MYSTICS,5,3,2,40.0,75.5,24.5,61.0,22.2,22.2,10.3,16.8,23.9,38.7,64.5,35.5,96.2,3.8,70.7,29.3,Playoffs,2002
LOS ANGELES SPARKS,6,6,0,40.0,76.3,23.7,58.5,13.3,21.9,12.5,19.6,21.7,45.2,64.7,35.3,91.2,8.8,70.0,30.0,Playoffs,2002
UTAH STARZZ,5,2,3,42.0,84.0,16.0,64.6,17.1,13.3,9.1,22.1,14.1,47.5,59.8,40.2,81.3,18.8,62.4,37.6,Playoffs,2002
NEW YORK LIBERTY,8,4,4,40.0,75.6,24.4,59.6,10.1,21.8,9.5,18.5,23.2,49.6,56.4,43.6,83.3,16.7,61.7,38.3,Playoffs,2002
INDIANA FEVER,3,1,2,40.0,68.2,31.8,56.6,15.2,28.8,13.1,14.6,18.7,41.4,55.4,44.6,78.9,21.1,61.3,38.7,Playoffs,2002
CHARLOTTE STING,2,0,2,40.0,64.8,35.2,61.2,18.2,29.8,6.6,9.1,25.6,43.0,48.6,51.4,83.3,16.7,57.1,42.9,Playoffs,2002
HOUSTON COMETS,3,1,2,43.3,77.5,22.5,58.9,26.2,21.0,14.0,20.1,20.1,32.7,47.6,52.4,73.3,26.7,52.6,47.4,Playoffs,2002
MINNESOTA LYNX,3,1,2,40.0,74.9,25.1,53.1,12.6,20.3,13.0,26.6,19.3,40.6,72.7,27.3,92.9,7.1,76.8,23.2,Playoffs,2003
LOS ANGELES SPARKS,9,5,4,40.0,78.2,21.8,63.0,14.1,18.3,11.9,18.7,22.3,48.9,67.5,32.5,95.0,5.0,72.0,28.0,Playoffs,2003
DETROIT SHOCK,8,6,2,40.0,80.0,20.0,56.3,18.2,21.5,15.4,22.2,15.6,38.1,63.4,36.6,90.2,9.8,68.8,31.2,Playoffs,2003
CHARLOTTE STING,2,0,2,40.0,72.3,27.7,48.8,9.4,30.7,7.9,20.5,18.1,39.4,51.6,48.4,92.3,7.7,63.6,36.4,Playoffs,2003
CONNECTICUT SUN,4,2,2,40.0,78.3,21.7,66.9,25.0,13.2,11.0,19.9,17.3,41.9,61.5,38.5,75.0,25.0,63.1,36.9,Playoffs,2003
CLEVELAND ROCKERS,3,1,2,40.0,79.8,20.2,56.2,19.7,14.8,11.8,29.1,19.7,36.5,59.6,40.4,80.0,20.0,62.7,37.3,Playoffs,2003
SACRAMENTO MONARCHS,6,3,3,40.0,78.4,21.6,63.7,18.6,16.7,3.7,19.6,14.3,45.1,59.2,40.8,61.9,38.1,59.6,40.4,Playoffs,2003
HOUSTON COMETS,3,1,2,40.0,79.9,20.1,62.2,24.5,15.3,16.8,22.4,21.9,37.8,52.5,47.5,70.0,30.0,54.9,45.1,Playoffs,2003
LOS ANGELES SPARKS,3,1,2,40.0,76.5,23.5,59.7,19.9,21.5,13.8,18.8,23.2,39.8,63.0,37.0,92.3,7.7,68.7,31.3,Playoffs,2004
MINNESOTA LYNX,2,0,2,40.0,73.0,27.0,58.9,3.6,24.1,12.5,17.0,23.2,55.4,57.6,42.4,88.9,11.1,64.3,35.7,Playoffs,2004
SEATTLE STORM,8,6,2,40.6,81.5,18.5,59.7,21.8,22.5,11.4,17.7,23.6,37.9,56.3,43.7,92.9,7.1,63.6,36.4,Playoffs,2004
DETROIT SHOCK,3,1,2,40.0,91.0,9.0,65.3,22.8,7.4,12.9,27.2,19.3,42.6,60.6,39.4,100.0,0.0,63.4,36.6,Playoffs,2004
NEW YORK LIBERTY,5,2,3,40.0,63.6,36.4,52.1,13.3,36.2,4.8,11.7,20.0,38.7,52.4,47.6,81.6,18.4,61.7,38.3,Playoffs,2004
SACRAMENTO MONARCHS,6,3,3,40.8,80.2,19.8,65.3,18.9,15.3,7.7,19.4,28.8,46.4,55.5,44.5,90.0,10.0,60.1,39.9,Playoffs,2004
CONNECTICUT SUN,8,5,3,40.0,78.3,21.7,58.2,12.9,21.0,12.1,20.8,18.1,45.4,53.2,46.8,86.5,13.5,59.7,40.3,Playoffs,2004
WASHINGTON MYSTICS,3,1,2,40.0,86.5,13.5,62.2,17.6,10.9,6.7,26.9,11.4,44.6,45.0,55.0,57.1,42.9,46.3,53.7,Playoffs,2004
LOS ANGELES SPARKS,2,0,2,40.0,72.7,27.3,54.8,16.3,24.4,11.1,20.7,35.6,38.5,64.9,35.1,100.0,0.0,72.9,27.1,Playoffs,2005
SACRAMENTO MONARCHS,8,7,1,41.3,83.6,16.4,62.5,16.5,19.5,10.2,18.1,23.2,46.0,57.3,42.7,83.8,16.2,61.9,38.1,Playoffs,2005
CONNECTICUT SUN,8,5,3,41.3,74.4,25.6,52.7,20.2,22.2,12.1,25.1,15.9,32.5,54.1,45.9,70.7,29.3,57.8,42.2,Playoffs,2005
SEATTLE STORM,3,1,2,40.0,72.6,27.4,59.9,17.3,16.8,13.7,23.4,27.9,42.6,50.8,49.2,90.9,9.1,57.1,42.9,Playoffs,2005
INDIANA FEVER,4,2,2,41.3,80.5,19.5,48.4,8.6,24.6,7.0,27.0,23.4,39.8,48.4,51.6,76.2,23.8,55.4,44.6,Playoffs,2005
HOUSTON COMETS,5,2,3,41.0,87.8,12.2,65.3,16.9,9.6,7.0,25.1,16.0,48.4,52.7,47.3,72.7,27.3,54.5,45.5,Playoffs,2005
NEW YORK LIBERTY,2,0,2,40.0,73.4,26.6,55.4,17.8,20.8,7.9,23.8,19.8,37.6,50.0,50.0,71.4,28.6,54.3,45.7,Playoffs,2005
DETROIT SHOCK,2,0,2,40.0,86.7,13.3,65.1,20.2,14.0,12.4,20.9,18.6,45.0,47.6,52.4,66.7,33.3,50.0,50.0,Playoffs,2005
SEATTLE STORM,3,1,2,40.0,64.4,35.6,46.1,13.8,24.9,12.4,29.0,18.9,32.3,68.0,32.0,77.8,22.2,70.6,29.4,Playoffs,2006
LOS ANGELES SPARKS,5,2,3,40.0,79.1,20.9,57.6,15.4,24.0,8.3,18.4,22.3,42.1,61.9,38.1,88.9,11.1,67.7,32.3,Playoffs,2006
DETROIT SHOCK,10,7,3,40.0,86.9,13.1,67.1,25.1,11.6,12.3,21.3,19.8,42.0,59.0,41.0,69.0,31.0,60.0,40.0,Playoffs,2006
CONNECTICUT SUN,5,3,2,40.0,73.2,26.8,56.7,19.7,23.3,6.6,20.0,15.8,37.0,54.7,45.3,76.9,23.1,59.5,40.5,Playoffs,2006
SACRAMENTO MONARCHS,9,6,3,40.0,79.1,20.9,59.3,19.6,22.4,7.6,18.3,23.2,39.7,52.9,47.1,76.9,23.1,57.8,42.2,Playoffs,2006
WASHINGTON MYSTICS,2,0,2,40.0,77.3,22.7,63.5,28.6,19.0,10.3,17.5,14.3,34.9,47.5,52.5,100.0,0.0,56.3,43.8,Playoffs,2006
HOUSTON COMETS,2,0,2,40.0,79.6,20.4,59.2,21.1,12.7,2.8,28.2,9.2,38.0,50.0,50.0,66.7,33.3,52.1,47.9,Playoffs,2006
INDIANA FEVER,2,0,2,40.0,76.7,23.3,61.9,25.9,21.6,1.4,16.5,15.1,36.0,37.2,62.8,40.0,60.0,37.7,62.3,Playoffs,2006
SAN ANTONIO SILVER STARS,5,2,3,40.0,69.2,30.8,49.6,12.3,34.8,11.1,15.6,23.4,37.4,54.3,45.7,87.8,12.2,64.9,35.1,Playoffs,2007
CONNECTICUT SUN,3,1,2,46.7,70.1,29.9,61.7,24.2,25.0,10.4,13.3,16.7,37.5,54.1,45.9,90.0,10.0,61.7,38.3,Playoffs,2007
PHOENIX MERCURY,9,7,2,40.0,61.6,38.4,45.0,13.2,33.8,17.1,21.2,17.3,31.8,47.4,52.6,86.6,13.4,60.5,39.5,Playoffs,2007
INDIANA FEVER,6,3,3,43.3,71.5,28.5,51.1,17.7,27.9,13.9,21.0,22.3,33.3,45.8,54.2,93.0,7.0,58.4,41.6,Playoffs,2007
NEW YORK LIBERTY,3,1,2,41.7,71.9,28.1,56.5,29.6,27.8,4.2,15.7,15.7,26.9,47.5,52.5,90.0,10.0,58.0,42.0,Playoffs,2007
DETROIT SHOCK,11,6,5,40.5,78.3,21.7,61.1,21.1,21.4,7.7,17.5,15.7,40.0,48.7,51.3,78.7,21.3,54.3,45.7,Playoffs,2007
SACRAMENTO MONARCHS,3,1,2,40.0,82.9,17.1,61.3,12.4,16.0,8.0,22.7,19.1,48.9,52.2,47.8,66.7,33.3,54.3,45.7,Playoffs,2007
SEATTLE STORM,2,0,2,40.0,64.2,35.8,50.9,10.4,36.4,6.4,12.7,9.8,40.5,31.8,68.2,90.5,9.5,50.8,49.2,Playoffs,2007
LOS ANGELES SPARKS,6,3,3,40.0,78.4,21.6,63.2,21.4,19.2,12.8,17.6,21.9,41.8,59.4,40.6,100.0,0.0,66.3,33.8,Playoffs,2008
SAN ANTONIO SILVER STARS,9,4,5,40.6,75.7,24.3,55.9,23.7,21.5,8.0,22.6,21.7,32.1,58.7,41.3,82.6,17.4,63.6,36.4,Playoffs,2008
INDIANA FEVER,3,1,2,41.7,65.2,34.8,46.8,15.3,25.7,8.1,27.5,18.0,31.5,51.9,48.1,94.7,5.3,63.4,36.6,Playoffs,2008
SACRAMENTO MONARCHS,3,1,2,41.7,81.1,18.9,69.1,18.1,16.0,10.7,14.8,25.9,51.0,52.4,47.6,84.6,15.4,56.7,43.3,Playoffs,2008
CONNECTICUT SUN,3,1,2,40.0,72.9,27.1,61.6,20.2,18.2,9.1,20.2,23.7,41.4,50.8,49.2,83.3,16.7,56.2,43.8,Playoffs,2008
NEW YORK LIBERTY,6,3,3,40.0,68.0,32.0,54.5,12.6,33.3,3.3,12.1,17.2,41.9,43.5,56.5,81.8,18.2,54.6,45.4,Playoffs,2008
DETROIT SHOCK,9,7,2,40.6,80.6,19.4,63.0,23.3,17.7,7.1,19.2,22.9,39.7,46.6,53.4,84.6,15.4,52.6,47.4,Playoffs,2008
SEATTLE STORM,3,1,2,40.0,78.0,22.0,56.9,20.3,16.8,11.7,26.4,31.0,36.5,41.1,58.9,81.8,18.2,47.8,52.2,Playoffs,2008
LOS ANGELES SPARKS,6,3,3,40.0,78.9,21.1,56.5,13.5,19.6,5.3,23.8,19.4,43.0,52.2,47.8,90.3,9.7,59.4,40.6,Playoffs,2009
SEATTLE STORM,3,1,2,40.0,72.5,27.5,50.5,14.9,28.2,9.4,21.3,28.7,35.6,45.1,54.9,94.7,5.3,58.6,41.4,Playoffs,2009
INDIANA FEVER,10,6,4,41.0,73.8,26.2,56.8,14.1,19.8,10.7,23.4,21.1,42.7,52.7,47.3,78.2,21.8,57.5,42.5,Playoffs,2009
ATLANTA DREAM,2,0,2,40.0,78.5,21.5,54.8,14.3,21.4,11.9,23.8,17.3,40.5,52.2,47.8,75.0,25.0,56.9,43.1,Playoffs,2009
DETROIT SHOCK,5,3,2,40.0,80.4,19.6,62.2,22.4,17.9,15.9,19.9,22.6,39.8,48.8,51.2,91.7,8.3,55.7,44.3,Playoffs,2009
PHOENIX MERCURY,11,7,4,40.5,70.3,29.7,53.8,12.6,26.7,11.9,19.5,16.9,41.2,42.1,57.9,80.4,19.6,51.6,48.4,Playoffs,2009
SAN ANTONIO SILVER STARS,3,1,2,40.0,71.6,28.4,52.7,16.0,30.9,11.1,16.4,11.5,36.6,42.0,58.0,74.1,25.9,51.0,49.0,Playoffs,2009
WASHINGTON MYSTICS,2,0,2,42.5,77.6,22.4,66.7,17.0,15.7,11.8,17.6,24.8,49.7,41.2,58.8,87.5,12.5,47.5,52.5,Playoffs,2009
PHOENIX MERCURY,4,2,2,40.0,75.7,24.3,58.9,14.4,26.7,15.3,14.4,18.3,44.4,66.0,34.0,78.1,21.9,68.8,31.2,Playoffs,2010
SAN ANTONIO SILVER STARS,2,0,2,40.0,73.7,26.3,48.2,9.6,28.9,17.5,22.9,17.5,38.6,57.5,42.5,87.5,12.5,66.1,33.9,Playoffs,2010
SEATTLE STORM,7,7,0,40.0,68.0,32.0,52.2,11.3,27.6,9.2,20.1,20.3,41.0,54.2,45.8,85.2,14.8,62.3,37.7,Playoffs,2010
ATLANTA DREAM,7,4,3,40.0,83.6,16.4,63.5,20.4,14.4,17.7,22.2,18.2,43.1,52.8,47.2,76.7,23.3,55.9,44.1,Playoffs,2010
NEW YORK LIBERTY,5,2,3,40.0,77.4,22.6,62.0,19.1,21.9,9.1,16.1,16.9,42.8,48.0,52.0,82.8,17.2,54.6,45.4,Playoffs,2010
INDIANA FEVER,3,1,2,40.0,75.6,24.4,54.1,17.1,20.3,8.1,25.7,19.4,36.9,43.3,56.7,73.3,26.7,49.3,50.7,Playoffs,2010
LOS ANGELES SPARKS,2,0,2,40.0,78.0,22.0,54.5,13.6,27.3,4.5,18.2,22.0,40.9,36.1,63.9,83.3,16.7,47.9,52.1,Playoffs,2010
WASHINGTON MYSTICS,2,0,2,40.0,76.9,23.1,52.7,9.6,16.2,12.0,31.1,12.0,43.1,29.5,70.5,88.9,11.1,39.6,60.4,Playoffs,2010
SAN ANTONIO SILVER STARS,3,1,2,40.0,66.1,33.9,50.9,18.5,31.9,9.3,17.1,19.9,32.4,70.9,29.1,69.6,30.4,70.5,29.5,Playoffs,2011
CONNECTICUT SUN,2,0,2,40.0,79.6,20.4,52.7,20.3,28.4,9.5,18.9,22.3,32.4,64.1,35.9,71.4,28.6,66.0,34.0,Playoffs,2011
NEW YORK LIBERTY,3,1,2,40.0,73.8,26.2,59.7,15.4,23.1,9.0,17.2,25.8,44.3,51.5,48.5,76.5,23.5,56.6,43.4,Playoffs,2011
INDIANA FEVER,6,3,3,40.0,73.2,26.8,55.4,13.5,25.0,10.6,19.6,17.3,41.9,46.3,53.7,86.5,13.5,55.6,44.4,Playoffs,2011
MINNESOTA LYNX,8,7,1,40.0,83.7,16.3,64.4,19.5,14.4,14.0,21.1,17.2,44.9,51.6,48.4,78.8,21.2,55.1,44.9,Playoffs,2011
ATLANTA DREAM,8,4,4,40.0,86.1,13.9,66.0,20.2,14.0,20.5,20.0,21.4,45.9,47.9,52.1,73.3,26.7,51.0,49.0,Playoffs,2011
PHOENIX MERCURY,5,2,3,40.0,73.7,26.3,63.7,16.2,17.2,15.1,19.1,13.6,47.5,46.7,53.3,72.7,27.3,50.7,49.3,Playoffs,2011
SEATTLE STORM,3,1,2,40.0,66.5,33.5,44.5,10.1,32.8,8.8,22.7,16.8,34.5,35.8,64.2,76.9,23.1,49.4,50.6,Playoffs,2011
SEATTLE STORM,3,1,2,43.3,69.8,30.2,53.5,14.0,28.9,13.2,17.5,12.7,39.5,60.7,39.3,95.5,4.5,69.9,30.1,Playoffs,2012
CONNECTICUT SUN,5,3,2,40.0,75.5,24.5,60.1,24.2,23.1,6.1,16.8,14.9,35.8,55.0,45.0,67.9,32.1,57.7,42.3,Playoffs,2012
MINNESOTA LYNX,9,5,4,41.1,77.7,22.3,60.8,19.3,21.2,11.5,18.0,18.4,41.5,46.4,53.6,79.6,20.4,52.7,47.3,Playoffs,2012
NEW YORK LIBERTY,2,0,2,40.0,73.2,26.8,63.9,26.2,19.7,10.7,16.4,17.2,37.7,43.6,56.4,87.5,12.5,51.1,48.9,Playoffs,2012
SAN ANTONIO SILVER STARS,2,0,2,40.0,70.7,29.3,60.0,10.0,23.3,8.9,16.7,16.1,50.0,44.4,55.6,71.4,28.6,50.0,50.0,Playoffs,2012
ATLANTA DREAM,3,1,2,40.0,84.2,15.8,72.2,29.1,11.9,16.3,15.9,28.6,43.2,50.0,50.0,44.4,55.6,49.5,50.5,Playoffs,2012
INDIANA FEVER,10,7,3,40.0,72.4,27.6,55.9,15.1,23.8,13.5,20.3,21.5,40.9,38.4,61.6,80.6,19.4,47.7,52.3,Playoffs,2012
LOS ANGELES SPARKS,4,2,2,40.0,79.6,20.4,64.6,16.0,16.3,16.3,19.1,20.0,48.6,39.8,60.2,63.2,36.8,43.2,56.8,Playoffs,2012
WASHINGTON MYSTICS,3,1,2,40.0,73.9,26.1,58.5,23.4,22.3,13.3,19.1,17.0,35.1,58.2,41.8,85.7,14.3,63.8,36.2,Playoffs,2013
CHICAGO SKY,2,0,2,40.0,85.2,14.8,57.4,15.5,9.3,3.9,33.3,18.6,41.9,54.1,45.9,100.0,0.0,58.5,41.5,Playoffs,2013
INDIANA FEVER,4,2,2,40.0,72.5,27.5,54.7,12.8,24.3,6.4,20.9,14.2,41.9,45.7,54.3,100.0,0.0,58.1,41.9,Playoffs,2013
MINNESOTA LYNX,7,7,0,40.0,87.8,12.2,72.0,29.7,9.8,14.5,18.3,24.4,42.3,54.8,45.2,83.3,16.7,57.1,42.9,Playoffs,2013
PHOENIX MERCURY,5,2,3,40.0,76.5,23.5,72.5,19.2,9.9,7.4,17.6,12.9,53.3,56.8,43.2,58.3,41.7,56.9,43.1,Playoffs,2013
ATLANTA DREAM,8,4,4,40.0,81.1,18.9,67.0,13.8,13.7,13.3,19.3,24.6,53.2,48.9,51.1,88.0,12.0,53.6,46.4,Playoffs,2013
SEATTLE STORM,2,0,2,40.0,73.0,27.0,67.2,15.1,20.2,5.0,12.6,21.8,52.1,40.0,60.0,87.5,12.5,47.9,52.1,Playoffs,2013
LOS ANGELES SPARKS,3,1,2,40.0,83.1,16.9,75.2,27.4,2.6,15.4,22.2,19.7,47.9,34.1,65.9,100.0,0.0,35.6,64.4,Playoffs,2013
ATLANTA DREAM,3,1,2,40.0,83.3,16.7,65.9,16.1,14.5,20.1,19.7,23.7,49.8,61.0,39.0,100.0,0.0,66.0,34.0,Playoffs,2014
WASHINGTON MYSTICS,2,0,2,42.5,71.4,28.6,55.0,14.8,24.2,14.8,20.8,19.5,40.3,58.5,41.5,66.7,33.3,60.4,39.6,Playoffs,2014
MINNESOTA LYNX,5,3,2,40.0,82.7,17.3,67.8,24.7,14.5,14.3,17.7,19.4,43.1,55.7,44.3,90.0,10.0,60.0,40.0,Playoffs,2014
PHOENIX MERCURY,8,7,1,40.0,75.5,24.5,64.6,17.6,18.2,10.1,17.2,20.5,47.0,53.1,46.9,81.0,19.0,57.5,42.5,Playoffs,2014
LOS ANGELES SPARKS,2,0,2,40.0,86.2,13.8,84.3,25.7,4.3,20.0,11.4,20.0,58.6,57.6,42.4,50.0,50.0,57.4,42.6,Playoffs,2014
CHICAGO SKY,9,4,5,41.1,80.0,20.0,62.0,18.3,15.3,5.4,22.7,14.0,43.7,51.2,48.8,82.9,17.1,55.6,44.4,Playoffs,2014
SAN ANTONIO STARS,2,0,2,40.0,75.9,24.1,57.8,17.3,26.0,10.4,16.2,17.9,40.5,46.0,54.0,80.0,20.0,53.8,46.2,Playoffs,2014
INDIANA FEVER,5,3,2,43.0,75.0,25.0,53.4,11.5,21.2,6.5,25.4,19.9,41.9,39.2,60.8,92.6,7.4,50.4,49.6,Playoffs,2014
LOS ANGELES SPARKS,3,1,2,40.0,76.1,23.9,58.4,16.8,23.9,9.7,17.7,21.7,41.6,59.1,40.9,77.8,22.2,63.1,36.9,Playoffs,2015
NEW YORK LIBERTY,6,3,3,41.7,80.6,19.4,63.5,22.4,20.8,6.3,15.7,19.2,41.2,56.3,43.7,87.1,12.9,61.8,38.2,Playoffs,2015
CHICAGO SKY,3,1,2,40.0,80.8,19.2,68.5,30.6,19.4,9.7,12.1,14.1,37.9,52.9,47.1,93.8,6.3,59.4,40.6,Playoffs,2015
WASHINGTON MYSTICS,3,1,2,43.3,71.6,28.4,47.4,14.0,32.9,7.9,19.7,14.0,33.3,51.9,48.1,72.0,28.0,58.2,41.8,Playoffs,2015
PHOENIX MERCURY,4,2,2,40.0,79.3,20.7,58.1,20.6,21.3,9.4,20.6,12.9,37.4,50.0,50.0,86.4,13.6,57.1,42.9,Playoffs,2015
MINNESOTA LYNX,10,7,3,40.0,82.9,17.1,67.8,23.5,13.5,10.5,18.7,18.7,44.3,54.4,45.6,69.7,30.3,56.2,43.8,Playoffs,2015
INDIANA FEVER,11,6,5,40.0,76.7,23.3,61.2,18.7,21.0,8.7,17.8,18.3,42.5,43.0,57.0,91.2,8.8,52.0,48.0,Playoffs,2015
TULSA SHOCK,2,0,2,40.0,72.4,27.6,57.4,9.8,17.2,18.0,25.4,15.6,47.5,40.0,60.0,57.1,42.9,42.9,57.1,Playoffs,2015
SEATTLE STORM,1,0,1,40.0,68.1,31.9,49.4,4.7,24.7,0.0,25.9,16.5,44.7,57.1,42.9,85.7,14.3,64.3,35.7,Playoffs,2016
MINNESOTA LYNX,8,5,3,40.0,85.9,14.1,68.9,23.5,11.0,13.3,20.1,15.7,45.5,62.6,37.4,80.0,20.0,64.2,35.8,Playoffs,2016
LOS ANGELES SPARKS,9,6,3,40.0,71.8,28.2,59.9,16.5,23.1,10.1,17.0,18.4,43.5,55.4,44.6,80.7,19.3,60.6,39.4,Playoffs,2016
ATLANTA DREAM,2,1,1,40.0,73.8,26.2,55.2,16.7,21.9,6.8,22.9,15.1,38.5,50.9,49.1,92.9,7.1,59.7,40.3,Playoffs,2016
CHICAGO SKY,5,2,3,40.0,89.1,10.9,75.2,21.8,8.0,16.5,16.7,19.9,53.4,56.1,43.9,81.8,18.2,57.8,42.2,Playoffs,2016
PHOENIX MERCURY,5,2,3,40.0,74.1,25.9,57.5,14.2,19.2,5.0,23.3,15.1,43.4,52.4,47.6,82.1,17.9,57.8,42.2,Playoffs,2016
INDIANA FEVER,1,0,1,40.0,73.1,26.9,64.1,23.1,15.4,2.6,20.5,19.2,41.0,48.0,52.0,100.0,0.0,55.2,44.8,Playoffs,2016
NEW YORK LIBERTY,1,0,1,40.0,78.6,21.4,68.1,14.9,16.0,6.4,16.0,17.0,53.2,46.9,53.1,80.0,20.0,51.4,48.6,Playoffs,2016
LOS ANGELES SPARKS,8,5,3,40.0,74.1,25.9,64.1,20.1,17.2,14.0,18.7,21.5,44.0,59.2,40.8,88.9,11.1,63.7,36.3,Playoffs,2017
PHOENIX MERCURY,5,2,3,40.0,69.2,30.8,46.4,14.3,31.4,14.0,22.2,18.1,32.1,53.8,46.2,80.5,19.5,62.1,37.9,Playoffs,2017
MINNESOTA LYNX,8,6,2,40.0,79.2,20.8,64.4,19.8,21.0,7.4,14.6,18.5,44.7,54.2,45.8,76.1,23.9,58.1,41.9,Playoffs,2017
DALLAS WINGS,1,0,1,40.0,73.8,26.3,65.8,18.4,7.9,30.3,26.3,17.1,47.4,56.0,44.0,50.0,50.0,55.6,44.4,Playoffs,2017
NEW YORK LIBERTY,1,0,1,40.0,63.3,36.7,55.9,8.8,35.3,17.6,8.8,2.9,47.1,47.4,52.6,75.0,25.0,55.6,44.4,Playoffs,2017
SEATTLE STORM,1,0,1,40.0,68.3,31.7,46.4,17.4,26.1,13.0,27.5,17.4,29.0,43.8,56.3,83.3,16.7,54.5,45.5,Playoffs,2017
WASHINGTON MYSTICS,5,2,3,40.0,71.7,28.3,54.7,18.4,28.4,6.2,16.9,12.9,36.3,45.5,54.5,76.3,23.7,53.4,46.6,Playoffs,2017
CONNECTICUT SUN,1,0,1,40.0,76.8,23.2,67.5,12.0,14.5,1.2,18.1,13.3,55.4,32.1,67.9,75.0,25.0,37.5,62.5,Playoffs,2017
SEATTLE STORM,8,6,2,40.6,67.8,32.2,54.9,11.3,29.7,13.5,15.4,15.4,43.6,54.0,46.0,92.6,7.4,64.2,35.8,Playoffs,2018
LOS ANGELES SPARKS,2,1,1,40.0,68.9,31.1,54.7,15.8,28.1,7.9,17.3,25.9,38.8,52.6,47.4,76.9,23.1,58.8,41.2,Playoffs,2018
WASHINGTON MYSTICS,9,4,5,40.0,67.8,32.2,56.7,17.4,24.9,9.2,18.4,17.0,39.3,48.6,51.4,88.7,11.3,57.7,42.3,Playoffs,2018
PHOENIX MERCURY,7,4,3,40.7,64.7,35.3,61.2,9.6,26.8,11.8,12.0,15.8,51.7,52.6,47.4,73.2,26.8,57.3,42.7,Playoffs,2018
CONNECTICUT SUN,1,0,1,40.0,77.5,22.5,60.5,18.6,31.4,7.0,8.1,7.0,41.9,50.0,50.0,77.8,22.2,57.1,42.9,Playoffs,2018
MINNESOTA LYNX,1,0,1,40.0,76.2,23.8,73.5,14.7,17.6,11.8,8.8,17.6,58.8,52.0,48.0,75.0,25.0,55.2,44.8,Playoffs,2018
DALLAS WINGS,1,0,1,40.0,72.1,27.9,65.1,16.9,14.5,16.9,20.5,4.8,48.2,51.9,48.1,75.0,25.0,54.8,45.2,Playoffs,2018
ATLANTA DREAM,5,2,3,40.0,75.4,24.6,62.0,19.5,21.8,7.5,16.3,13.5,42.5,46.0,54.0,82.8,17.2,52.9,47.1,Playoffs,2018
CHICAGO SKY,2,1,1,40.0,68.6,31.4,59.9,13.2,27.4,18.8,12.7,19.8,46.7,72.9,27.1,83.3,16.7,75.3,24.7,Playoffs,2019
LAS VEGAS ACES,5,2,3,40.0,81.3,18.7,61.6,16.9,19.5,10.0,18.9,10.8,44.7,63.4,36.6,83.3,16.7,66.9,33.1,Playoffs,2019
SEATTLE STORM,2,1,1,40.0,68.5,31.5,53.6,10.5,29.4,7.8,17.0,15.7,43.1,58.5,41.5,86.7,13.3,66.1,33.9,Playoffs,2019
CONNECTICUT SUN,8,5,3,40.0,71.5,28.5,61.7,15.1,24.8,13.2,13.5,15.9,46.7,54.0,46.0,98.2,1.8,63.3,36.7,Playoffs,2019
WASHINGTON MYSTICS,9,6,3,40.0,65.6,34.4,52.9,18.8,32.9,3.2,14.1,14.8,34.1,52.5,47.5,86.7,13.3,62.5,37.5,Playoffs,2019
PHOENIX MERCURY,1,0,1,40.0,78.5,21.5,50.0,23.7,19.7,9.2,30.3,14.5,26.3,63.2,36.8,60.0,40.0,62.5,37.5,Playoffs,2019
LOS ANGELES SPARKS,4,1,3,40.0,69.4,30.6,64.6,15.8,22.7,9.6,12.7,19.6,48.8,51.1,48.9,86.4,13.6,57.8,42.2,Playoffs,2019
MINNESOTA LYNX,1,0,1,40.0,72.9,27.1,73.0,24.3,20.3,10.8,6.8,20.3,48.6,40.7,59.3,100.0,0.0,50.0,50.0,Playoffs,2019
SEATTLE STORM,6,6,0,40.0,62.9,37.1,55.6,10.8,31.2,10.4,13.3,16.7,44.8,71.6,28.4,91.4,8.6,77.0,23.0,Playoffs,2020
PHOENIX MERCURY,2,1,1,40.0,58.1,41.9,43.9,14.6,40.2,12.2,15.9,18.3,29.3,66.7,33.3,77.3,22.7,70.7,29.3,Playoffs,2020
LOS ANGELES SPARKS,1,0,1,40.0,70.0,30.0,61.0,20.3,10.2,3.4,28.8,22.0,40.7,66.7,33.3,100.0,0.0,70.0,30.0,Playoffs,2020
LAS VEGAS ACES,8,3,5,40.0,82.7,17.3,65.4,19.2,15.2,7.8,19.4,16.9,46.2,63.9,36.1,90.0,10.0,67.4,32.6,Playoffs,2020
CONNECTICUT SUN,7,4,3,40.0,73.7,26.3,61.0,17.3,22.6,13.8,16.4,17.3,43.8,61.4,38.6,82.9,17.1,65.7,34.3,Playoffs,2020
MINNESOTA LYNX,4,1,3,40.0,64.1,35.9,46.8,8.2,38.9,10.4,14.2,14.6,38.6,45.9,54.1,95.1,4.9,63.5,36.5,Playoffs,2020
CHICAGO SKY,1,0,1,40.0,66.7,33.3,54.3,17.3,29.6,4.9,16.0,16.0,37.0,50.0,50.0,87.5,12.5,60.0,40.0,Playoffs,2020
WASHINGTON MYSTICS,1,0,1,40.0,75.7,24.3,54.8,16.7,32.1,2.4,13.1,20.2,38.1,47.8,52.2,88.9,11.1,59.4,40.6,Playoffs,2020
SEATTLE STORM,1,0,1,45.0,67.1,32.9,47.5,5.0,33.8,2.5,18.8,11.3,42.5,57.9,42.1,88.9,11.1,67.9,32.1,Playoffs,2021
CHICAGO SKY,10,8,2,41.5,66.0,34.0,57.4,8.3,27.6,11.5,15.0,18.3,49.1,60.9,39.1,87.2,12.8,67.3,32.7,Playoffs,2021
PHOENIX MERCURY,11,6,5,40.9,66.5,33.5,54.1,13.5,29.1,9.3,16.8,15.0,40.6,64.5,35.5,74.2,25.8,67.1,32.9,Playoffs,2021
LAS VEGAS ACES,5,2,3,40.0,74.4,25.6,59.9,20.8,22.6,9.2,17.5,17.7,39.2,59.1,40.9,68.8,31.3,61.0,39.0,Playoffs,2021
CONNECTICUT SUN,4,1,3,42.5,76.7,23.3,57.7,7.4,25.8,6.4,16.6,16.0,50.3,52.1,47.9,89.3,10.7,60.7,39.3,Playoffs,2021
NEW YORK LIBERTY,1,0,1,40.0,59.4,40.6,48.8,7.3,43.9,6.1,7.3,20.7,41.5,60.0,40.0,58.3,41.7,59.4,40.6,Playoffs,2021
DALLAS WINGS,1,0,1,40.0,68.1,31.9,53.1,18.8,37.5,17.2,9.4,10.9,34.4,41.2,58.8,87.5,12.5,56.0,44.0,Playoffs,2021
MINNESOTA LYNX,1,0,1,40.0,73.1,26.9,52.6,10.5,35.5,5.3,11.8,28.9,42.1,35.0,65.0,88.9,11.1,51.7,48.3,Playoffs,2021
CHICAGO SKY,8,4,4,40.0,66.0,34.0,58.3,10.2,26.4,15.9,15.3,20.7,48.1,66.7,33.3,93.0,7.0,72.8,27.2,Playoffs,2022
NEW YORK LIBERTY,3,1,2,40.0,67.2,32.8,56.9,12.1,27.2,9.1,15.9,13.4,44.8,66.7,33.3,81.0,19.0,70.1,29.9,Playoffs,2022
CONNECTICUT SUN,12,6,6,40.0,80.3,19.7,66.0,11.6,17.7,13.4,16.3,20.2,54.4,65.8,34.2,89.3,10.7,69.4,30.6,Playoffs,2022
SEATTLE STORM,6,3,3,40.8,67.1,32.9,54.0,14.6,31.0,10.7,14.9,14.2,39.5,64.5,35.5,77.8,22.2,68.2,31.8,Playoffs,2022
WASHINGTON MYSTICS,2,0,2,40.0,64.9,35.1,47.9,12.0,37.7,7.2,14.4,12.0,35.9,55.0,45.0,90.5,9.5,67.2,32.8,Playoffs,2022
DALLAS WINGS,3,1,2,40.0,67.4,32.6,57.7,11.2,27.9,7.9,14.4,18.6,46.5,54.8,45.2,95.0,5.0,64.6,35.4,Playoffs,2022
LAS VEGAS ACES,10,8,2,40.5,60.7,39.3,50.2,14.4,34.2,7.0,15.6,15.0,35.8,53.2,46.8,73.5,26.5,59.6,40.4,Playoffs,2022
PHOENIX MERCURY,2,0,2,40.0,72.3,27.7,65.7,18.2,21.0,9.1,13.3,14.0,47.6,46.8,53.2,100.0,0.0,56.1,43.9,Playoffs,2022
CONNECTICUT SUN,7,3,4,40.0,67.3,32.7,55.0,12.2,33.9,11.8,11.1,18.3,42.8,62.0,38.0,92.3,7.7,70.9,29.1,Playoffs,2023
WASHINGTON MYSTICS,2,0,2,42.5,69.0,31.0,62.5,11.3,24.4,12.5,13.1,16.9,51.3,66.0,34.0,84.6,15.4,69.8,30.2,Playoffs,2023
NEW YORK LIBERTY,10,6,4,40.5,60.7,39.3,51.1,8.8,33.7,11.6,15.2,15.5,42.3,58.4,41.6,84.8,15.2,66.4,33.6,Playoffs,2023
MINNESOTA LYNX,3,1,2,40.0,62.4,37.6,53.5,11.1,30.4,5.5,16.1,16.6,42.4,51.7,48.3,95.5,4.5,63.8,36.3,Playoffs,2023
LAS VEGAS ACES,9,8,1,40.0,66.9,33.1,52.8,10.0,28.2,14.0,19.0,15.3,42.7,57.6,42.4,76.7,23.3,62.6,37.4,Playoffs,2023
DALLAS WINGS,5,2,3,40.0,70.5,29.5,58.6,8.0,27.7,15.8,13.7,18.4,50.6,52.4,47.6,82.1,17.9,59.5,40.5,Playoffs,2023
CHICAGO SKY,2,0,2,40.0,68.6,31.4,57.4,17.1,27.9,18.6,14.7,11.6,40.3,48.6,51.4,91.7,8.3,59.2,40.8,Playoffs,2023
ATLANTA DREAM,2,0,2,40.0,67.4,32.6,46.2,9.0,38.5,11.5,15.4,18.6,37.2,44.4,55.6,80.0,20.0,57.1,42.9,Playoffs,2023
